[2025-01-07 10:35:23] Versende Einladung an: philipp.gausmann@gmx.de
[2025-01-07 10:35:23] E-Mail erfolgreich an Philipp (philipp.gausmann@gmx.de) gesendet.
[2025-01-07 10:48:57] Versende Einladung an: philipp.gausmann@gmx.de
[2025-01-07 10:48:57] E-Mail erfolgreich an Philipp (philipp.gausmann@gmx.de) gesendet.
[2025-01-07 10:56:52] Versende Einladung an: philipp.gausmann@gmx.de
[2025-01-07 10:56:52] E-Mail erfolgreich an Philipp (philipp.gausmann@gmx.de) gesendet.
[2025-01-07 14:40:12] Versende Einladung an: philipp.gausmann@gmx.de
[2025-01-07 14:40:13] E-Mail erfolgreich an Philipp (philipp.gausmann@gmx.de) gesendet.
[2025-01-07 18:20:11] Versende Einladung an: vickynagra62@yahoo.com
[2025-01-07 18:20:11] E-Mail erfolgreich an Vikram (vickynagra62@yahoo.com) gesendet.
[2025-01-13 14:32:43] Versende Einladung an: philipp.gausmann@gmx.de
[2025-01-13 14:32:44] E-Mail erfolgreich an Philipp (philipp.gausmann@gmx.de) gesendet.
[2025-01-31 07:53:31] Versende Einladung an: philipp.gausmann@gmx.de
[2025-01-31 07:53:31] E-Mail erfolgreich an Philipp (philipp.gausmann@gmx.de) gesendet.
[2025-01-31 07:53:34] Versende Einladung an: Najem38@hotmail.com
[2025-01-31 07:53:34] E-Mail erfolgreich an Najem (Najem38@hotmail.com) gesendet.
[2025-01-31 07:53:39] Versende Einladung an: hodaattar2001@gmail.com
[2025-01-31 07:53:39] E-Mail erfolgreich an Mahmoud (hodaattar2001@gmail.com) gesendet.
[2025-01-31 07:53:42] Versende Einladung an: sadiadion17@gmail.com
[2025-01-31 07:53:43] E-Mail erfolgreich an Sadia (sadiadion17@gmail.com) gesendet.
[2025-01-31 07:53:45] Versende Einladung an: m.k.hotak@icloud.com
[2025-01-31 07:53:46] E-Mail erfolgreich an Mirwais khan (m.k.hotak@icloud.com) gesendet.
[2025-01-31 07:53:54] Versende Einladung an: Amandeep.230188@gmail.com
[2025-01-31 07:53:54] E-Mail erfolgreich an Amandeep (Amandeep.230188@gmail.com) gesendet.
[2025-01-31 07:54:02] Versende Einladung an: siroosebrahimnezhad@gmail.com
[2025-01-31 07:54:02] E-Mail erfolgreich an Siroos (siroosebrahimnezhad@gmail.com) gesendet.
[2025-01-31 07:54:05] Versende Einladung an: saadalasaad126@gmail.com
[2025-01-31 07:54:05] E-Mail erfolgreich an Saad (saadalasaad126@gmail.com) gesendet.
[2025-02-03 07:31:57] Versende Einladung an: ahl@primacom.net
[2025-02-03 07:31:57] E-Mail erfolgreich an Alexander (ahl@primacom.net) gesendet.
[2025-02-05 15:48:50] Versende Einladung an: rimsch@web.de
[2025-02-05 15:48:50] E-Mail erfolgreich an Mohamad (rimsch@web.de) gesendet.
[2025-02-06 12:47:46] Versende Einladung an: amiri_mumtaz@yahoo.com
[2025-02-06 12:47:46] E-Mail erfolgreich an Amiri (amiri_mumtaz@yahoo.com) gesendet.
[2025-02-06 12:47:51] Versende Einladung an: harizanovvasil52@gmail.com
[2025-02-06 12:47:52] E-Mail erfolgreich an Vassil (harizanovvasil52@gmail.com) gesendet.
[2025-02-20 10:50:16] Versende Einladung an: Najem38@hotmail.com
[2025-02-20 10:50:16] E-Mail erfolgreich an Najem (Najem38@hotmail.com) gesendet.
[2025-02-20 10:50:21] Versende Einladung an: hodaattar2001@gmail.com
[2025-02-20 10:50:22] E-Mail erfolgreich an Mahmoud (hodaattar2001@gmail.com) gesendet.
[2025-02-20 10:50:29] Versende Einladung an: sadiadion17@gmail.com
[2025-02-20 10:50:30] E-Mail erfolgreich an Sadia (sadiadion17@gmail.com) gesendet.
[2025-02-20 10:50:35] Versende Einladung an: m.k.hotak@icloud.com
[2025-02-20 10:50:36] E-Mail erfolgreich an Mirwais khan (m.k.hotak@icloud.com) gesendet.
[2025-02-20 10:50:40] Versende Einladung an: Amandeep.230188@gmail.com
[2025-02-20 10:50:40] E-Mail erfolgreich an Amandeep (Amandeep.230188@gmail.com) gesendet.
[2025-02-20 10:51:12] Versende Einladung an: ahl@primacom.net
[2025-02-20 10:51:12] E-Mail erfolgreich an Alexander (ahl@primacom.net) gesendet.
[2025-02-20 10:51:37] Versende Einladung an: siroosebrahimnezhad@gmail.com
[2025-02-20 10:51:37] E-Mail erfolgreich an Siroos (siroosebrahimnezhad@gmail.com) gesendet.
[2025-02-20 10:51:43] Versende Einladung an: amiri_mumtaz@yahoo.com
[2025-02-20 10:51:43] E-Mail erfolgreich an Amiri (amiri_mumtaz@yahoo.com) gesendet.
[2025-02-20 14:26:50] Versende Einladung an: balanyabas84@web.de
[2025-02-20 14:26:51] E-Mail erfolgreich an Abas esa abdulla  (balanyabas84@web.de) gesendet.
[2025-02-28 15:59:32] Versende Einladung an: harizanovvasil52@gmail.com
[2025-02-28 15:59:33] E-Mail erfolgreich an Vassil (harizanovvasil52@gmail.com) gesendet.
[2025-02-28 15:59:39] Versende Einladung an: nesaid075@gmail.com
[2025-02-28 15:59:39] E-Mail erfolgreich an Said Omar (nesaid075@gmail.com) gesendet.
[2025-02-28 15:59:42] Versende Einladung an: saadalasaad126@gmail.com
[2025-02-28 15:59:43] E-Mail erfolgreich an Saad (saadalasaad126@gmail.com) gesendet.
[2025-02-28 15:59:47] Versende Einladung an: aboaehm199013@gmail.com
[2025-02-28 15:59:47] E-Mail erfolgreich an Abdulhamid  (aboaehm199013@gmail.com) gesendet.
[2025-02-28 15:59:52] Versende Einladung an: rimsch@web.de
[2025-02-28 15:59:53] E-Mail erfolgreich an Mohamad (rimsch@web.de) gesendet.
[2025-02-28 16:00:00] Versende Einladung an: khery613@gmail.com
[2025-02-28 16:00:00] E-Mail erfolgreich an Mohammad (khery613@gmail.com) gesendet.
[2025-02-28 16:00:11] Versende Einladung an: 001983fr@gmail.com
[2025-02-28 16:00:11] E-Mail erfolgreich an Ahmed (001983fr@gmail.com) gesendet.
[2025-02-28 16:00:15] Versende Einladung an: baseldelli4@gmail.com
[2025-02-28 16:00:15] E-Mail erfolgreich an Basel  (baseldelli4@gmail.com) gesendet.
[2025-03-03 07:55:45] Versende Einladung an: meinegold@gmail.com
[2025-03-03 07:55:45] E-Mail erfolgreich an Mahmod (meinegold@gmail.com) gesendet.
[2025-03-04 09:10:49] Versende Einladung an: o.afoush@gmail.com
[2025-03-04 09:10:50] E-Mail erfolgreich an Ramadan  (o.afoush@gmail.com) gesendet.
[2025-03-04 09:10:53] Versende Einladung an: mohamed22alhasan@gmail.com
[2025-03-04 09:10:54] E-Mail erfolgreich an Mohamed (mohamed22alhasan@gmail.com) gesendet.
[2025-03-07 09:10:36] Versende Einladung an: mohamed22alhasan@gmail.com
[2025-03-07 09:10:36] E-Mail erfolgreich an Mohamed (mohamed22alhasan@gmail.com) gesendet.
[2025-03-07 09:10:38] Versende Einladung an: 87gurdeepsingh@googlemail.com
[2025-03-07 09:10:38] E-Mail erfolgreich an Gurdeep  (87gurdeepsingh@googlemail.com) gesendet.
[2025-03-07 09:10:39] Versende Einladung an: salahtebai79@web.de
[2025-03-07 09:10:40] E-Mail erfolgreich an Salah  (salahtebai79@web.de) gesendet.
[2025-03-07 09:10:41] Versende Einladung an: Rahmani1999@icloud.com
[2025-03-07 09:10:41] E-Mail erfolgreich an Nasrollah  (Rahmani1999@icloud.com) gesendet.
[2025-03-07 09:10:43] Versende Einladung an: ahmadchaban7272@gmail.com
[2025-03-07 09:10:43] E-Mail erfolgreich an Ahmad (ahmadchaban7272@gmail.com) gesendet.
[2025-03-07 09:10:45] Versende Einladung an: Alaesleman@gmail.com
[2025-03-07 09:10:45] E-Mail erfolgreich an Alaa (Alaesleman@gmail.com) gesendet.
[2025-03-07 09:10:47] Versende Einladung an: mimo_dawou@gmx.de
[2025-03-07 09:10:47] E-Mail erfolgreich an Mohamad (mimo_dawou@gmx.de) gesendet.
[2025-03-07 13:01:37] Versende Einladung an: khery613@gmail.com
[2025-03-07 13:01:37] E-Mail erfolgreich an Mohammad (khery613@gmail.com) gesendet.
[2025-03-10 07:49:45] Versende Einladung an: faisal16al@gmail.com
[2025-03-10 07:49:46] E-Mail erfolgreich an Faisal  (faisal16al@gmail.com) gesendet.
[2025-03-11 13:59:36] Versende Einladung an: nikolasnikolas585@gmail.com
[2025-03-11 13:59:36] E-Mail erfolgreich an Dumitru (nikolasnikolas585@gmail.com) gesendet.
[2025-03-28 09:12:52] Versende Einladung an: meinegold@gmail.com
[2025-03-28 09:12:52] E-Mail erfolgreich an Mahmod (meinegold@gmail.com) gesendet.
[2025-03-28 09:13:00] Versende Einladung an: balanyabas84@web.de
[2025-03-28 09:13:00] E-Mail erfolgreich an Abas esa abdulla  (balanyabas84@web.de) gesendet.
[2025-03-28 09:13:09] Versende Einladung an: mohamed22alhasan@gmail.com
[2025-03-28 09:13:09] E-Mail erfolgreich an Mohamed (mohamed22alhasan@gmail.com) gesendet.
[2025-03-28 09:13:19] Versende Einladung an: Saifulimran321@gmail.com
[2025-03-28 09:13:19] E-Mail erfolgreich an Imran  (Saifulimran321@gmail.com) gesendet.
[2025-03-28 09:13:26] Versende Einladung an: salahtebai79@web.de
[2025-03-28 09:13:26] E-Mail erfolgreich an Salah  (salahtebai79@web.de) gesendet.
[2025-03-28 09:13:35] Versende Einladung an: mimo_dawou@gmx.de
[2025-03-28 09:13:35] E-Mail erfolgreich an Mohamad (mimo_dawou@gmx.de) gesendet.
[2025-03-28 09:13:44] Versende Einladung an: gipi.denis@hotmail.de
[2025-03-28 09:13:44] E-Mail erfolgreich an Nagip (gipi.denis@hotmail.de) gesendet.
[2025-03-28 09:13:47] Versende Einladung an: hodaattar2001@gmail.com
[2025-03-28 09:13:47] E-Mail erfolgreich an Mahmud (hodaattar2001@gmail.com) gesendet.
[2025-04-02 09:23:07] Versende Einladung an: steffi051@freenet.de
[2025-04-02 09:23:07] E-Mail erfolgreich an Stefanie  (steffi051@freenet.de) gesendet.
[2025-04-02 09:23:24] Versende Einladung an: momtazqasimi.leipzig@gmail.com
[2025-04-02 09:23:24] E-Mail erfolgreich an Momtaz (momtazqasimi.leipzig@gmail.com) gesendet.
[2025-04-02 09:23:42] Versende Einladung an: romanniazai8@gmail.com
[2025-04-02 09:23:42] E-Mail erfolgreich an Roman  (romanniazai8@gmail.com) gesendet.
[2025-04-07 16:46:47] Versende Einladung an: m.k.hotak@icloud.com
[2025-04-07 16:46:47] E-Mail erfolgreich an Mirwais khan (m.k.hotak@icloud.com) gesendet.
[2025-04-07 16:46:50] Versende Einladung an: Amandeep.230188@gmail.com
[2025-04-07 16:46:50] E-Mail erfolgreich an Amandeep (Amandeep.230188@gmail.com) gesendet.
[2025-04-07 16:46:53] Versende Einladung an: siroosebrahimnezhad@gmail.com
[2025-04-07 16:46:53] E-Mail erfolgreich an Siroos (siroosebrahimnezhad@gmail.com) gesendet.
[2025-04-07 16:46:56] Versende Einladung an: saadalasaad126@gmail.com
[2025-04-07 16:46:56] E-Mail erfolgreich an Saad (saadalasaad126@gmail.com) gesendet.
[2025-04-07 16:46:59] Versende Einladung an: romanniazai8@gmail.com
[2025-04-07 16:46:59] E-Mail erfolgreich an Roman  (romanniazai8@gmail.com) gesendet.
[2025-04-07 16:47:03] Versende Einladung an: yosifshabanalmohammad@gmail.com
[2025-04-07 16:47:03] E-Mail erfolgreich an yosif  (yosifshabanalmohammad@gmail.com) gesendet.
[2025-04-07 16:47:06] Versende Einladung an: ezelddinealmousse@gmail.com
[2025-04-07 16:47:07] E-Mail erfolgreich an Ezeddine (ezelddinealmousse@gmail.com) gesendet.
[2025-04-07 16:47:09] Versende Einladung an: arifjumha86@gmail.com
[2025-04-07 16:47:09] E-Mail erfolgreich an Arif (arifjumha86@gmail.com) gesendet.
[2025-04-08 07:40:27] Versende Einladung an: gipi.denis@hotmail.de
[2025-04-08 07:40:28] E-Mail erfolgreich an Nagip (gipi.denis@hotmail.de) gesendet.
[2025-04-09 12:42:16] Versende Einladung an: moamaraskoul72@gmail.comm
[2025-04-09 12:42:16] E-Mail erfolgreich an Moamar (moamaraskoul72@gmail.comm) gesendet.
[2025-04-09 12:42:22] Versende Einladung an: huruy.hamido@gmail.com
[2025-04-09 12:42:22] E-Mail erfolgreich an Huruy (huruy.hamido@gmail.com) gesendet.
[2025-04-11 14:37:58] Versende Einladung an: khery613@gmail.com
[2025-04-11 14:37:59] E-Mail erfolgreich an Mohammad (khery613@gmail.com) gesendet.
[2025-04-11 14:37:59] letzte_einladung für Teilnehmer-ID 25 aktualisiert.
[2025-04-11 14:38:05] Versende Einladung an: 001983fr@gmail.com
[2025-04-11 14:38:05] E-Mail erfolgreich an Ahmed (001983fr@gmail.com) gesendet.
[2025-04-11 14:38:05] letzte_einladung für Teilnehmer-ID 26 aktualisiert.
[2025-04-11 14:38:08] Versende Einladung an: o.afoush@gmail.com
[2025-04-11 14:38:08] E-Mail erfolgreich an Ramadan  (o.afoush@gmail.com) gesendet.
[2025-04-11 14:38:08] letzte_einladung für Teilnehmer-ID 33 aktualisiert.
[2025-04-11 14:38:14] Versende Einladung an: bascharalnasser6@gmail.com
[2025-04-11 14:38:15] E-Mail erfolgreich an Baschar (bascharalnasser6@gmail.com) gesendet.
[2025-04-11 14:38:15] letzte_einladung für Teilnehmer-ID 76 aktualisiert.
[2025-04-11 14:38:17] Versende Einladung an: ahelgo83@gmail.com
[2025-04-11 14:38:18] E-Mail erfolgreich an Ahmed (ahelgo83@gmail.com) gesendet.
[2025-04-11 14:38:18] letzte_einladung für Teilnehmer-ID 75 aktualisiert.
[2025-04-11 14:38:47] Versende Einladung an: bassil.diia@gmail.com
[2025-04-11 14:38:48] E-Mail erfolgreich an basel (bassil.diia@gmail.com) gesendet.
[2025-04-11 14:38:48] letzte_einladung für Teilnehmer-ID 79 aktualisiert.
[2025-04-11 14:38:49] Versende Einladung an: ahmadmokdad25071994@gmail.com
[2025-04-11 14:38:50] E-Mail erfolgreich an Ahmad  (ahmadmokdad25071994@gmail.com) gesendet.
[2025-04-11 14:38:50] letzte_einladung für Teilnehmer-ID 77 aktualisiert.
[2025-04-11 14:38:51] Versende Einladung an: muhannad1nanoue@gmail.com
[2025-04-11 14:38:51] E-Mail erfolgreich an Muhannad  (muhannad1nanoue@gmail.com) gesendet.
[2025-04-11 14:38:51] letzte_einladung für Teilnehmer-ID 83 aktualisiert.
[2025-04-14 08:57:40] Versende Einladung an: momtazqasimi.leipzig@gmail.com
[2025-04-14 08:57:40] E-Mail erfolgreich an Momtaz (momtazqasimi.leipzig@gmail.com) gesendet.
[2025-04-14 08:57:40] letzte_einladung für Teilnehmer-ID 86 aktualisiert.
[2025-04-14 08:57:42] Versende Einladung an: homayonesmaily777@gmail.com
[2025-04-14 08:57:42] E-Mail erfolgreich an Homayon  (homayonesmaily777@gmail.com) gesendet.
[2025-04-14 08:57:42] letzte_einladung für Teilnehmer-ID 88 aktualisiert.
[2025-04-14 08:57:44] Versende Einladung an: sherzd1991@gmail.com
[2025-04-14 08:57:44] E-Mail erfolgreich an sherzad (sherzd1991@gmail.com) gesendet.
[2025-04-14 08:57:44] letzte_einladung für Teilnehmer-ID 90 aktualisiert.
[2025-04-16 08:32:02] Versende Einladung an: paliichukliubov199@gmail.com
[2025-04-16 08:32:02] E-Mail erfolgreich an Liubov (paliichukliubov199@gmail.com) gesendet.
[2025-04-16 08:32:02] letzte_einladung für Teilnehmer-ID 97 aktualisiert.
[2025-04-23 07:24:06] Versende Einladung an: Amandeep.230188@gmail.com
[2025-04-23 07:24:06] E-Mail erfolgreich an Amandeep (Amandeep.230188@gmail.com) gesendet.
[2025-04-23 07:24:06] letzte_einladung für Teilnehmer-ID 14 aktualisiert.
[2025-04-23 07:25:58] Versende Einladung an: saadalasaad126@gmail.com
[2025-04-23 07:25:58] E-Mail erfolgreich an Saad (saadalasaad126@gmail.com) gesendet.
[2025-04-23 07:25:58] letzte_einladung für Teilnehmer-ID 20 aktualisiert.
[2025-04-23 07:26:03] Versende Einladung an: khery613@gmail.com
[2025-04-23 07:26:04] E-Mail erfolgreich an Mohammad (khery613@gmail.com) gesendet.
[2025-04-23 07:26:04] letzte_einladung für Teilnehmer-ID 25 aktualisiert.
[2025-04-23 07:26:16] Versende Einladung an: tala.mohammadi18@gmail.com
[2025-04-23 07:26:16] E-Mail erfolgreich an Tala Mohammad  (tala.mohammadi18@gmail.com) gesendet.
[2025-04-23 07:26:16] letzte_einladung für Teilnehmer-ID 92 aktualisiert.
[2025-04-23 07:26:18] Versende Einladung an: adnanhajy@icloud.com
[2025-04-23 07:26:18] E-Mail erfolgreich an Mahir  (adnanhajy@icloud.com) gesendet.
[2025-04-23 07:26:18] letzte_einladung für Teilnehmer-ID 91 aktualisiert.
[2025-04-23 07:26:21] Versende Einladung an: maik.franz@t-online.de
[2025-04-23 07:26:21] E-Mail erfolgreich an Maik (maik.franz@t-online.de) gesendet.
[2025-04-23 07:26:21] letzte_einladung für Teilnehmer-ID 98 aktualisiert.
[2025-04-23 07:26:30] Versende Einladung an: basel.layla@outlook.com
[2025-04-23 07:26:31] E-Mail erfolgreich an Basel (basel.layla@outlook.com) gesendet.
[2025-04-23 07:26:31] letzte_einladung für Teilnehmer-ID 102 aktualisiert.
[2025-04-23 07:26:33] Versende Einladung an: testprobe@hotmail.com
[2025-04-23 07:26:33] E-Mail erfolgreich an Mike (testprobe@hotmail.com) gesendet.
[2025-04-23 07:26:33] letzte_einladung für Teilnehmer-ID 101 aktualisiert.
[2025-04-24 07:54:47] Versende Einladung an: haithmali84@gmail.com
[2025-04-24 07:54:47] E-Mail erfolgreich an Haithem (haithmali84@gmail.com) gesendet.
[2025-04-24 07:54:47] letzte_einladung für Teilnehmer-ID 99 aktualisiert.
[2025-04-25 09:52:04] Versende Einladung an: muhannad1nanoue@gmail.com
[2025-04-25 09:52:04] E-Mail erfolgreich an Muhannad  (muhannad1nanoue@gmail.com) gesendet.
[2025-04-25 09:52:04] letzte_einladung für Teilnehmer-ID 83 aktualisiert.
[2025-04-25 14:11:04] Versende Einladung an: m.a.almarrawi@gmail.com
[2025-04-25 14:11:04] E-Mail erfolgreich an Mohamad Ammar  (m.a.almarrawi@gmail.com) gesendet.
[2025-04-25 14:11:04] Versende Einladung an: ali.pr.s600@hotmail.com
[2025-04-25 14:11:04] E-Mail erfolgreich an Ali  (ali.pr.s600@hotmail.com) gesendet.
[2025-04-25 14:11:36] Versende Einladung an: philipp.gausmann@gmx.de
[2025-04-25 14:11:36] E-Mail erfolgreich an Christine (philipp.gausmann@gmx.de) gesendet.
[2025-04-25 14:11:36] letzte_einladung für Teilnehmer-ID 117 aktualisiert.
[2025-04-28 07:35:20] Versende Einladung an: Saifulimran321@gmail.com
[2025-04-28 07:35:20] E-Mail erfolgreich an Imran  (Saifulimran321@gmail.com) gesendet.
[2025-04-28 07:35:20] letzte_einladung für Teilnehmer-ID 40 aktualisiert.
[2025-04-28 07:35:24] Versende Einladung an: 87gurdeepsingh@googlemail.com
[2025-04-28 07:35:24] E-Mail erfolgreich an Gurdeep  (87gurdeepsingh@googlemail.com) gesendet.
[2025-04-28 07:35:24] letzte_einladung für Teilnehmer-ID 42 aktualisiert.
[2025-04-28 07:35:28] Versende Einladung an: salahtebai79@web.de
[2025-04-28 07:35:28] E-Mail erfolgreich an Salah  (salahtebai79@web.de) gesendet.
[2025-04-28 07:35:28] letzte_einladung für Teilnehmer-ID 43 aktualisiert.
[2025-04-28 07:35:55] Versende Einladung an: salahtebai79@web.de
[2025-04-28 07:35:55] E-Mail erfolgreich an Salah  (salahtebai79@web.de) gesendet.
[2025-04-28 07:35:55] letzte_einladung für Teilnehmer-ID 43 aktualisiert.
[2025-04-28 12:43:33] Versende Einladung an: Batalmustafa92@gmail.com
[2025-04-28 12:43:33] E-Mail erfolgreich an Mustafa (Batalmustafa92@gmail.com) gesendet.
[2025-04-28 12:43:33] letzte_einladung für Teilnehmer-ID 118 aktualisiert.
[2025-05-02 07:20:45] Versende Einladung an: moamaraskoul72@gmail.com
[2025-05-02 07:20:45] E-Mail erfolgreich an Moamar (moamaraskoul72@gmail.com) gesendet.
[2025-05-02 07:20:45] letzte_einladung für Teilnehmer-ID 108 aktualisiert.
[2025-05-02 07:20:50] Versende Einladung an: dyaahamdo0@gmail.com
[2025-05-02 07:20:50] E-Mail erfolgreich an DYAA ADDIN (dyaahamdo0@gmail.com) gesendet.
[2025-05-02 07:20:50] letzte_einladung für Teilnehmer-ID 107 aktualisiert.
[2025-05-02 07:20:52] Versende Einladung an: abdulhakim9.abdallah@gmail.com
[2025-05-02 07:20:52] E-Mail erfolgreich an Abdulhakim  (abdulhakim9.abdallah@gmail.com) gesendet.
[2025-05-02 07:20:52] letzte_einladung für Teilnehmer-ID 106 aktualisiert.
[2025-05-02 07:21:05] Versende Einladung an: m.a.almarrawi@gmail.com
[2025-05-02 07:21:06] E-Mail erfolgreich an Mohamad Ammar  (m.a.almarrawi@gmail.com) gesendet.
[2025-05-02 07:21:06] letzte_einladung für Teilnehmer-ID 110 aktualisiert.
[2025-05-02 07:21:09] Versende Einladung an: ali.pr.s600@hotmail.com
[2025-05-02 07:21:09] E-Mail erfolgreich an Ali  (ali.pr.s600@hotmail.com) gesendet.
[2025-05-02 07:21:09] letzte_einladung für Teilnehmer-ID 112 aktualisiert.
[2025-05-02 07:21:12] Versende Einladung an: mayer_maren@web.de
[2025-05-02 07:21:13] E-Mail erfolgreich an Maren (mayer_maren@web.de) gesendet.
[2025-05-02 07:21:13] letzte_einladung für Teilnehmer-ID 119 aktualisiert.
[2025-05-02 07:21:16] Versende Einladung an: magdouri@hotmail.fr
[2025-05-02 07:21:16] E-Mail erfolgreich an Houcine (magdouri@hotmail.fr) gesendet.
[2025-05-02 07:21:16] letzte_einladung für Teilnehmer-ID 126 aktualisiert.
[2025-05-02 07:21:26] Versende Einladung an: Rahmani1999@icloud.com
[2025-05-02 07:21:26] E-Mail erfolgreich an Nasrollah  (Rahmani1999@icloud.com) gesendet.
[2025-05-02 07:21:26] letzte_einladung für Teilnehmer-ID 45 aktualisiert.
[2025-05-02 14:47:55] Versende Einladung an: technik@taxi4884.de
[2025-05-02 14:47:56] E-Mail erfolgreich an Philipp (technik@taxi4884.de) gesendet.
[2025-05-02 14:47:56] letzte_einladung für Teilnehmer-ID 127 aktualisiert.
[2025-05-05 14:54:48] Versende Einladung an: janasjerzy83@gmail.com
[2025-05-05 14:54:49] E-Mail erfolgreich an Jerzy (janasjerzy83@gmail.com) gesendet.
[2025-05-05 14:54:49] letzte_einladung für Teilnehmer-ID 123 aktualisiert.
[2025-05-15 15:10:37] Versende Einladung an: Razan2sheikho2@gmail.com
[2025-05-15 15:10:38] E-Mail erfolgreich an Razan (Razan2sheikho2@gmail.com) gesendet.
[2025-05-15 15:10:38] Versende Einladung an: ali2.hameqassem@web.de
[2025-05-15 15:10:38] E-Mail erfolgreich an Ali (ali2.hameqassem@web.de) gesendet.
[2025-05-15 15:10:38] Versende Einladung an: aaxr219@gmail.com
[2025-05-15 15:10:38] E-Mail erfolgreich an Ahmed (aaxr219@gmail.com) gesendet.
[2025-05-15 15:14:27] Versende Einladung an: Saifulimran321@gmail.com
[2025-05-15 15:14:28] E-Mail erfolgreich an Imran  (Saifulimran321@gmail.com) gesendet.
[2025-05-15 15:14:28] letzte_einladung für Teilnehmer-ID 40 aktualisiert.
[2025-05-15 15:14:32] Versende Einladung an: 87gurdeepsingh@googlemail.com
[2025-05-15 15:14:33] E-Mail erfolgreich an Gurdeep  (87gurdeepsingh@googlemail.com) gesendet.
[2025-05-15 15:14:33] letzte_einladung für Teilnehmer-ID 42 aktualisiert.
[2025-05-15 15:14:37] Versende Einladung an: salahtebai79@web.de
[2025-05-15 15:14:38] E-Mail erfolgreich an Salah  (salahtebai79@web.de) gesendet.
[2025-05-15 15:14:38] letzte_einladung für Teilnehmer-ID 43 aktualisiert.
[2025-05-15 15:14:42] Versende Einladung an: ahmadchaban7272@gmail.com
[2025-05-15 15:14:42] E-Mail erfolgreich an Ahmad (ahmadchaban7272@gmail.com) gesendet.
[2025-05-15 15:14:42] letzte_einladung für Teilnehmer-ID 44 aktualisiert.
[2025-05-16 07:12:56] Versende Einladung an: Alaesleman@gmail.com
[2025-05-16 07:12:57] E-Mail erfolgreich an Alaa (Alaesleman@gmail.com) gesendet.
[2025-05-16 07:12:57] letzte_einladung für Teilnehmer-ID 47 aktualisiert.
[2025-05-16 14:57:34] Versende Einladung an: Batalmustafa92@gmail.com
[2025-05-16 14:57:35] E-Mail erfolgreich an Mustafa (Batalmustafa92@gmail.com) gesendet.
[2025-05-16 14:57:35] letzte_einladung für Teilnehmer-ID 118 aktualisiert.
[2025-05-20 10:10:03] Versende Einladung an: ahmadmokdad25071994@gmail.com
[2025-05-20 10:10:03] E-Mail erfolgreich an Ahmad  (ahmadmokdad25071994@gmail.com) gesendet.
[2025-05-20 10:10:03] letzte_einladung für Teilnehmer-ID 77 aktualisiert.
[2025-05-20 15:12:31] Versende Einladung an: abdelkaderallghafur@gmail.com
[2025-05-20 15:12:32] E-Mail erfolgreich an Abdelkader (abdelkaderallghafur@gmail.com) gesendet.
[2025-05-20 15:12:32] letzte_einladung für Teilnehmer-ID 135 aktualisiert.
[2025-05-20 15:12:33] Versende Einladung an: mhssndeef@gmail.com
[2025-05-20 15:12:33] E-Mail erfolgreich an Muhaisen (mhssndeef@gmail.com) gesendet.
[2025-05-20 15:12:33] letzte_einladung für Teilnehmer-ID 134 aktualisiert.
[2025-05-28 10:30:02] Versende Einladung an: tala.mohammadi18@gmail.com
[2025-05-28 10:30:02] E-Mail erfolgreich an Tala Mohammad  (tala.mohammadi18@gmail.com) gesendet.
[2025-05-28 10:30:02] letzte_einladung für Teilnehmer-ID 92 aktualisiert.
[2025-05-28 10:30:12] Versende Einladung an: maik.franz@t-online.de
[2025-05-28 10:30:12] E-Mail erfolgreich an Maik (maik.franz@t-online.de) gesendet.
[2025-05-28 10:30:12] letzte_einladung für Teilnehmer-ID 98 aktualisiert.
[2025-05-28 10:30:19] Versende Einladung an: basel.layla@outlook.com
[2025-05-28 10:30:19] E-Mail erfolgreich an Basel (basel.layla@outlook.com) gesendet.
[2025-05-28 10:30:19] letzte_einladung für Teilnehmer-ID 102 aktualisiert.
[2025-05-28 10:30:25] Versende Einladung an: mayer_maren@web.de
[2025-05-28 10:30:25] E-Mail erfolgreich an Maren (mayer_maren@web.de) gesendet.
[2025-05-28 10:30:25] letzte_einladung für Teilnehmer-ID 119 aktualisiert.
[2025-05-28 10:30:31] Versende Einladung an: ali2.hameqassem@web.de
[2025-05-28 10:30:31] E-Mail erfolgreich an Ali (ali2.hameqassem@web.de) gesendet.
[2025-05-28 10:30:31] letzte_einladung für Teilnehmer-ID 129 aktualisiert.
[2025-05-28 10:30:35] Versende Einladung an: mohammad.mos@outlook.de
[2025-05-28 10:30:36] E-Mail erfolgreich an Mohammad (mohammad.mos@outlook.de) gesendet.
[2025-05-28 10:30:36] letzte_einladung für Teilnehmer-ID 132 aktualisiert.
[2025-05-28 10:30:38] Versende Einladung an: kamal.abdulrahman96@gmail.com
[2025-05-28 10:30:38] E-Mail erfolgreich an Kamal (kamal.abdulrahman96@gmail.com) gesendet.
[2025-05-28 10:30:38] letzte_einladung für Teilnehmer-ID 136 aktualisiert.
[2025-05-28 12:55:51] Versende Einladung an: najem38@hotmail.com
[2025-05-28 12:55:51] E-Mail erfolgreich an Najem (najem38@hotmail.com) gesendet.
[2025-05-28 12:55:51] letzte_einladung für Teilnehmer-ID 138 aktualisiert.
[2025-06-02 09:56:28] Versende Einladung an: sherzd1991@gmail.com
[2025-06-02 09:56:28] E-Mail erfolgreich an sherzad (sherzd1991@gmail.com) gesendet.
[2025-06-02 09:56:28] letzte_einladung für Teilnehmer-ID 90 aktualisiert.
[2025-06-05 16:42:55] Versende Einladung an: Saifulimran321@gmail.com
[2025-06-05 16:42:56] E-Mail erfolgreich an Imran  (Saifulimran321@gmail.com) gesendet.
[2025-06-05 16:42:56] letzte_einladung für Teilnehmer-ID 40 aktualisiert.
[2025-06-05 16:42:59] Versende Einladung an: yosifshabanalmohammad@gmail.com
[2025-06-05 16:42:59] E-Mail erfolgreich an yosif  (yosifshabanalmohammad@gmail.com) gesendet.
[2025-06-05 16:42:59] letzte_einladung für Teilnehmer-ID 54 aktualisiert.
[2025-06-05 16:43:03] Versende Einladung an: romanniazai8@gmail.com
[2025-06-05 16:43:03] E-Mail erfolgreich an Roman  (romanniazai8@gmail.com) gesendet.
[2025-06-05 16:43:03] letzte_einladung für Teilnehmer-ID 53 aktualisiert.
[2025-06-05 16:43:07] Versende Einladung an: ezelddinealmousse@gmail.com
[2025-06-05 16:43:07] E-Mail erfolgreich an Ezeddine (ezelddinealmousse@gmail.com) gesendet.
[2025-06-05 16:43:07] letzte_einladung für Teilnehmer-ID 56 aktualisiert.
[2025-06-05 16:43:11] Versende Einladung an: hhussainy5@gmail.com
[2025-06-05 16:43:12] E-Mail erfolgreich an Mohammad Hassan (hhussainy5@gmail.com) gesendet.
[2025-06-05 16:43:12] letzte_einladung für Teilnehmer-ID 144 aktualisiert.
[2025-06-05 16:43:14] Versende Einladung an: tarek.dhais@gmail.com
[2025-06-05 16:43:15] E-Mail erfolgreich an Tarek (tarek.dhais@gmail.com) gesendet.
[2025-06-05 16:43:15] letzte_einladung für Teilnehmer-ID 148 aktualisiert.
[2025-06-05 16:43:17] Versende Einladung an: saleh.alantouz@gmail.com
[2025-06-05 16:43:17] E-Mail erfolgreich an Saleh (saleh.alantouz@gmail.com) gesendet.
[2025-06-05 16:43:17] letzte_einladung für Teilnehmer-ID 149 aktualisiert.
[2025-06-06 09:24:14] Versende Einladung an: bascharalnasser6@gmail.com
[2025-06-06 09:24:15] E-Mail erfolgreich an Baschar (bascharalnasser6@gmail.com) gesendet.
[2025-06-06 09:24:15] letzte_einladung für Teilnehmer-ID 76 aktualisiert.
[2025-06-06 09:24:18] Versende Einladung an: bassil.diia@gmail.com
[2025-06-06 09:24:18] E-Mail erfolgreich an basel (bassil.diia@gmail.com) gesendet.
[2025-06-06 09:24:18] letzte_einladung für Teilnehmer-ID 79 aktualisiert.
[2025-06-06 12:42:59] Versende Einladung an: adnanhajy@icloud.com
[2025-06-06 12:42:59] E-Mail erfolgreich an Mahir  (adnanhajy@icloud.com) gesendet.
[2025-06-06 12:42:59] letzte_einladung für Teilnehmer-ID 91 aktualisiert.
[2025-06-10 09:45:50] Versende Einladung an: ahmadmokdad25071994@gmail.com
[2025-06-10 09:45:51] E-Mail erfolgreich an Ahmad  (ahmadmokdad25071994@gmail.com) gesendet.
[2025-06-10 09:45:51] letzte_einladung für Teilnehmer-ID 77 aktualisiert.
[2025-06-10 13:08:15] Versende Einladung an: najem38@hotmail.com
[2025-06-10 13:08:15] E-Mail erfolgreich an Najem (najem38@hotmail.com) gesendet.
[2025-06-10 13:08:15] letzte_einladung für Teilnehmer-ID 138 aktualisiert.
[2025-06-10 14:11:53] Versende Einladung an: mohammad.mos@outlook.de
[2025-06-10 14:11:53] E-Mail erfolgreich an Mohammad (mohammad.mos@outlook.de) gesendet.
[2025-06-10 14:11:53] letzte_einladung für Teilnehmer-ID 132 aktualisiert.
[2025-06-16 13:08:36] Versende Einladung an: sherzd1991@gmail.com
[2025-06-16 13:08:36] E-Mail erfolgreich an sherzad (sherzd1991@gmail.com) gesendet.
[2025-06-16 13:08:36] letzte_einladung für Teilnehmer-ID 90 aktualisiert.
[2025-06-16 13:08:46] Versende Einladung an: ali.pr.s600@hotmail.com
[2025-06-16 13:08:47] E-Mail erfolgreich an Ali  (ali.pr.s600@hotmail.com) gesendet.
[2025-06-16 13:08:47] letzte_einladung für Teilnehmer-ID 112 aktualisiert.
[2025-06-16 13:08:50] Versende Einladung an: Batalmustafa92@gmail.com
[2025-06-16 13:08:51] E-Mail erfolgreich an Mustafa (Batalmustafa92@gmail.com) gesendet.
[2025-06-16 13:08:51] letzte_einladung für Teilnehmer-ID 118 aktualisiert.
[2025-06-16 13:08:56] Versende Einladung an: Razan2sheikho2@gmail.com
[2025-06-16 13:08:56] E-Mail erfolgreich an Razan (Razan2sheikho2@gmail.com) gesendet.
[2025-06-16 13:08:56] letzte_einladung für Teilnehmer-ID 122 aktualisiert.
[2025-06-16 13:09:02] Versende Einladung an: aaxr219@gmail.com
[2025-06-16 13:09:02] E-Mail erfolgreich an Ahmed (aaxr219@gmail.com) gesendet.
[2025-06-16 13:09:02] letzte_einladung für Teilnehmer-ID 131 aktualisiert.
[2025-06-16 13:09:08] Versende Einladung an: salehmuhammad2019@yahoo.com
[2025-06-16 13:09:08] E-Mail erfolgreich an Saleh Mohammad (salehmuhammad2019@yahoo.com) gesendet.
[2025-06-16 13:09:08] letzte_einladung für Teilnehmer-ID 142 aktualisiert.
[2025-06-16 13:10:47] Versende Einladung an: ilmisharif33@icloud.com
[2025-06-16 13:10:47] E-Mail erfolgreich an Abdirahman (ilmisharif33@icloud.com) gesendet.
[2025-06-16 13:10:47] letzte_einladung für Teilnehmer-ID 151 aktualisiert.
[2025-06-16 14:48:50] Versende Einladung an: adnan.original@hotmail.com
[2025-06-16 14:48:50] E-Mail erfolgreich an Adnan (adnan.original@hotmail.com) gesendet.
[2025-06-16 14:48:50] letzte_einladung für Teilnehmer-ID 152 aktualisiert.
[2025-06-17 14:26:16] Versende Einladung an: kamal.abdulrahman96@gmail.com
[2025-06-17 14:26:16] E-Mail erfolgreich an Kamal (kamal.abdulrahman96@gmail.com) gesendet.
[2025-06-17 14:26:16] letzte_einladung für Teilnehmer-ID 136 aktualisiert.
[2025-07-17 08:22:14] Versende Einladung an: mohammedsaba908@gmail.com
[2025-07-17 08:22:14] E-Mail erfolgreich an Mohammed (mohammedsaba908@gmail.com) gesendet.
[2025-07-17 08:22:14] letzte_einladung für Teilnehmer-ID 153 aktualisiert.
[2025-07-17 08:22:17] Versende Einladung an: azim77ghairat@gmail.com
[2025-07-17 08:22:18] E-Mail erfolgreich an Mohammad Azim (azim77ghairat@gmail.com) gesendet.
[2025-07-17 08:22:18] letzte_einladung für Teilnehmer-ID 159 aktualisiert.
[2025-07-17 08:22:20] Versende Einladung an: yazeed.dhies@gmail.com
[2025-07-17 08:22:20] E-Mail erfolgreich an Yazeed (yazeed.dhies@gmail.com) gesendet.
[2025-07-17 08:22:20] letzte_einladung für Teilnehmer-ID 158 aktualisiert.
[2025-07-17 08:22:22] Versende Einladung an: halilkonak@hotmail.de
[2025-07-17 08:22:23] E-Mail erfolgreich an Halil (halilkonak@hotmail.de) gesendet.
[2025-07-17 08:22:23] letzte_einladung für Teilnehmer-ID 157 aktualisiert.
[2025-07-17 08:22:25] Versende Einladung an: yosifshabanalmohammad@gmail.com
[2025-07-17 08:22:25] E-Mail erfolgreich an yosif (yosifshabanalmohammad@gmail.com) gesendet.
[2025-07-17 08:22:25] letzte_einladung für Teilnehmer-ID 161 aktualisiert.
[2025-07-17 08:22:27] Versende Einladung an: rsk.1983.lpz@gmail.com
[2025-07-17 08:22:28] E-Mail erfolgreich an Rajwinder (rsk.1983.lpz@gmail.com) gesendet.
[2025-07-17 08:22:28] letzte_einladung für Teilnehmer-ID 160 aktualisiert.
[2025-07-17 08:22:29] Versende Einladung an: asif.chohdry@gmx.net
[2025-07-17 08:22:29] E-Mail erfolgreich an Asif Mehmood (asif.chohdry@gmx.net) gesendet.
[2025-07-17 08:22:29] letzte_einladung für Teilnehmer-ID 162 aktualisiert.
[2025-07-17 08:22:36] Versende Einladung an: arifjumha86@gmail.com
[2025-07-17 08:22:36] E-Mail erfolgreich an Arif (arifjumha86@gmail.com) gesendet.
[2025-07-17 08:22:36] letzte_einladung für Teilnehmer-ID 163 aktualisiert.
[2025-07-17 09:49:41] Versende Einladung an: wessamjames04@gmail.com
[2025-07-17 09:49:42] E-Mail erfolgreich an Alageeli (wessamjames04@gmail.com) gesendet.
[2025-07-17 09:49:42] letzte_einladung für Teilnehmer-ID 164 aktualisiert.
[2025-07-22 14:47:21] Versende Einladung an: schuraviak841126@gmail.com
[2025-07-22 14:47:26] E-Mail erfolgreich an Alexander (schuraviak841126@gmail.com) gesendet.
[2025-07-22 14:47:26] letzte_einladung für Teilnehmer-ID 167 aktualisiert.
[2025-08-14 11:08:56] Versende Einladung an: alinanestian24@gmail.com
[2025-08-14 11:08:57] E-Mail erfolgreich an Cornelia-Alina (alinanestian24@gmail.com) gesendet.
[2025-08-14 11:08:57] letzte_einladung für Teilnehmer-ID 165 aktualisiert.
[2025-08-14 11:09:00] Versende Einladung an: hazimahmed32@yahoo.de
[2025-08-14 11:09:00] E-Mail erfolgreich an Hazim Mohammed Ali (hazimahmed32@yahoo.de) gesendet.
[2025-08-14 11:09:00] letzte_einladung für Teilnehmer-ID 169 aktualisiert.
[2025-08-14 11:09:02] Versende Einladung an: mansourzahiri70@gmail.com
[2025-08-14 11:09:02] E-Mail erfolgreich an Mansour (mansourzahiri70@gmail.com) gesendet.
[2025-08-14 11:09:02] letzte_einladung für Teilnehmer-ID 170 aktualisiert.
[2025-08-14 11:09:04] Versende Einladung an: fahimalsalm@gmail.com
[2025-08-14 11:09:05] E-Mail erfolgreich an Fahim (fahimalsalm@gmail.com) gesendet.
[2025-08-14 11:09:05] letzte_einladung für Teilnehmer-ID 172 aktualisiert.
[2025-08-14 11:09:06] Versende Einladung an: almanssour-faes@web.de
[2025-08-14 11:09:06] E-Mail erfolgreich an FAES (almanssour-faes@web.de) gesendet.
[2025-08-14 11:09:06] letzte_einladung für Teilnehmer-ID 173 aktualisiert.
[2025-08-14 11:09:08] Versende Einladung an: vitaliesagaidac1990@gmail.com
[2025-08-14 11:09:09] E-Mail erfolgreich an Vitalie (vitaliesagaidac1990@gmail.com) gesendet.
[2025-08-14 11:09:09] letzte_einladung für Teilnehmer-ID 174 aktualisiert.
[2025-08-14 11:09:10] Versende Einladung an: anash711973@gmail.com
[2025-08-14 11:09:11] E-Mail erfolgreich an Anas (anash711973@gmail.com) gesendet.
[2025-08-14 11:09:11] letzte_einladung für Teilnehmer-ID 176 aktualisiert.
[2025-08-14 11:10:02] Versende Einladung an: Saifulimran321@gmail.com
[2025-08-14 11:10:03] E-Mail erfolgreich an Imran  (Saifulimran321@gmail.com) gesendet.
[2025-08-14 11:10:03] letzte_einladung für Teilnehmer-ID 40 aktualisiert.
[2025-08-18 12:09:09] Versende Einladung an: ilmisharif33@icloud.com
[2025-08-18 12:09:09] E-Mail erfolgreich an Abdirahman (ilmisharif33@icloud.com) gesendet.
[2025-08-18 12:09:09] letzte_einladung für Teilnehmer-ID 151 aktualisiert.
[2025-08-20 15:24:19] Versende Einladung an: yazeed.dhies@gmail.com
[2025-08-20 15:24:21] E-Mail erfolgreich an Yazeed (yazeed.dhies@gmail.com) gesendet.
[2025-08-20 15:24:21] letzte_einladung für Teilnehmer-ID 158 aktualisiert.
[2025-08-28 10:52:19] Versende Einladung an: shivanperwer71@gmail.com
[2025-08-28 10:52:20] E-Mail erfolgreich an Shivan (shivanperwer71@gmail.com) gesendet.
[2025-08-28 10:52:20] letzte_einladung für Teilnehmer-ID 185 aktualisiert.
[2025-08-28 10:52:22] Versende Einladung an: leipzig2b@gmail.com
[2025-08-28 10:52:23] E-Mail erfolgreich an Yousif (leipzig2b@gmail.com) gesendet.
[2025-08-28 10:52:23] letzte_einladung für Teilnehmer-ID 181 aktualisiert.
[2025-08-28 10:52:24] Versende Einladung an: Khaled.afifi.az@gmail.com
[2025-08-28 10:52:25] E-Mail erfolgreich an KHALED (Khaled.afifi.az@gmail.com) gesendet.
[2025-08-28 10:52:25] letzte_einladung für Teilnehmer-ID 182 aktualisiert.
[2025-08-28 10:52:28] Versende Einladung an: ilmisharif33@icloud.com
[2025-08-28 10:52:28] E-Mail erfolgreich an Abdirahman (ilmisharif33@icloud.com) gesendet.
[2025-08-28 10:52:28] letzte_einladung für Teilnehmer-ID 151 aktualisiert.
[2025-08-28 10:52:31] Versende Einladung an: mohammedsaba908@gmail.com
[2025-08-28 10:52:31] E-Mail erfolgreich an Mohammed (mohammedsaba908@gmail.com) gesendet.
[2025-08-28 10:52:31] letzte_einladung für Teilnehmer-ID 153 aktualisiert.
[2025-08-28 10:52:34] Versende Einladung an: azim77ghairat@gmail.com
[2025-08-28 10:52:34] E-Mail erfolgreich an Mohammad Azim (azim77ghairat@gmail.com) gesendet.
[2025-08-28 10:52:34] letzte_einladung für Teilnehmer-ID 159 aktualisiert.
[2025-08-28 10:52:59] Versende Einladung an: halilkonak@hotmail.de
[2025-08-28 10:52:59] E-Mail erfolgreich an Halil (halilkonak@hotmail.de) gesendet.
[2025-08-28 10:52:59] letzte_einladung für Teilnehmer-ID 157 aktualisiert.
[2025-08-28 10:53:17] Versende Einladung an: fahimalsalm@gmail.com
[2025-08-28 10:53:17] E-Mail erfolgreich an Fahim (fahimalsalm@gmail.com) gesendet.
[2025-08-28 10:53:17] letzte_einladung für Teilnehmer-ID 172 aktualisiert.
[2025-08-28 14:29:11] Versende Einladung an: Mosaaldaghari@gmail.com
[2025-08-28 14:29:11] E-Mail erfolgreich an Mosa (Mosaaldaghari@gmail.com) gesendet.
[2025-08-28 14:29:11] letzte_einladung für Teilnehmer-ID 171 aktualisiert.
[2025-09-01 12:01:55] Versende Einladung an: aminullah1.qaderi@gmail.com
[2025-09-01 12:01:55] E-Mail erfolgreich an Aminullah (aminullah1.qaderi@gmail.com) gesendet.
[2025-09-01 12:01:55] letzte_einladung für Teilnehmer-ID 178 aktualisiert.
[2025-09-01 12:02:02] Versende Einladung an: aminullah1.qaderi@gmail.com
[2025-09-01 12:02:02] E-Mail erfolgreich an Aminullah (aminullah1.qaderi@gmail.com) gesendet.
[2025-09-01 12:02:02] letzte_einladung für Teilnehmer-ID 178 aktualisiert.
[2025-09-01 12:02:05] Versende Einladung an: hhussainy5@gmail.com
[2025-09-01 12:02:05] E-Mail erfolgreich an Mohammad Hassan (hhussainy5@gmail.com) gesendet.
[2025-09-01 12:02:05] letzte_einladung für Teilnehmer-ID 180 aktualisiert.
[2025-09-01 12:02:14] Versende Einladung an: hashemisaharifa@gmail.com
[2025-09-01 12:02:14] E-Mail erfolgreich an Hashmatullah (hashemisaharifa@gmail.com) gesendet.
[2025-09-01 12:02:14] letzte_einladung für Teilnehmer-ID 183 aktualisiert.
[2026-01-15 17:06:07] Terminbestätigung an Roman (romanniazai8@gmail.com) gesendet.
[2026-01-15 17:07:36] Terminbestätigung an Maurice-Lucien (mauricepetrick@web.de) gesendet.
[2026-01-15 17:16:35] Terminbestätigung an Sami (semoschumacher89.88@gmail.com) gesendet.
[2026-01-15 17:29:49] Terminbestätigung an Hashmatullah (hashemisaharifa@gmail.com) gesendet.
[2026-01-15 18:41:04] Terminbestätigung an Muath (muath.bakleh@yahoo.com) gesendet.
[2026-01-15 19:07:12] Terminbestätigung an Abdulwahed (wahedhas@yahoo.de) gesendet.
[2026-01-15 21:51:49] Terminbestätigung an Jamal (issaj0386@gmail.com) gesendet.
[2026-01-15 21:51:52] Terminbestätigung an Jamal (issaj0386@gmail.com) gesendet.
[2026-01-15 21:51:57] Terminbestätigung an Jamal (issaj0386@gmail.com) gesendet.
[2026-01-15 21:52:08] Terminbestätigung an Jamal (issaj0386@gmail.com) gesendet.
[2026-01-16 06:49:42] Terminbestätigung an Mansour (mansourzahiri70@gmail.com) gesendet.
[2026-01-16 09:48:25] Terminbestätigung an Homayon (homayonesmaily777@gmail.com) gesendet.
[2026-01-16 09:48:26] Terminbestätigung an Homayon (homayonesmaily777@gmail.com) gesendet.
[2026-01-16 09:48:27] Terminbestätigung an Homayon (homayonesmaily777@gmail.com) gesendet.
[2026-01-16 09:48:28] Terminbestätigung an Homayon (homayonesmaily777@gmail.com) gesendet.
[2026-01-16 09:48:28] Terminbestätigung an Homayon (homayonesmaily777@gmail.com) gesendet.
[2026-01-16 09:48:29] Terminbestätigung an Homayon (homayonesmaily777@gmail.com) gesendet.
[2026-01-16 09:48:29] Terminbestätigung an Homayon (homayonesmaily777@gmail.com) gesendet.
[2026-01-16 09:48:29] Terminbestätigung an Homayon (homayonesmaily777@gmail.com) gesendet.
[2026-01-16 09:48:29] Terminbestätigung an Homayon (homayonesmaily777@gmail.com) gesendet.
[2026-01-16 14:07:13] Terminbestätigung an Parmjit Singh (parmjit_dosanjh1965@yahoo.de) gesendet.
[2026-01-16 21:55:53] Terminbestätigung an Firas (Firas123.123456789@gmail.com) gesendet.
[2026-01-17 02:08:57] Terminbestätigung an BENSAKHRIA (miloudbensakhria44@gmail.com) gesendet.
[2026-01-17 22:44:13] Terminbestätigung an Maurice-Lucien (mauricepetrick@web.de) gesendet.
[2026-01-19 06:29:13] Terminbestätigung an Meriwan (merivanamg@icloud.com) gesendet.
[2026-01-19 11:37:07] Terminbestätigung an Igor (igor.wampula@live.at) gesendet.
[2026-01-20 15:29:40] Terminbestätigung an Mustafa (mustafaqadiri86@gmail.com) gesendet.
[2026-01-20 15:30:13] Terminbestätigung an Mustafa (mustafaqadiri86@gmail.com) gesendet.
[2026-01-21 10:07:43] Versende Einladung an: ali-n24@hotmail.com
[2026-01-21 10:07:44] E-Mail erfolgreich an Ali (ali-n24@hotmail.com) gesendet.
[2026-01-21 10:21:06] Terminbestätigung an Ali (ali-n24@hotmail.com) gesendet.
[2026-01-27 04:36:07] Terminbestätigung an Mehman (peemad21@gmail.com) gesendet.
[2026-01-27 20:32:06] Terminbestätigung an BENSAKHRIA (miloudbensakhria44@gmail.com) gesendet.
[2026-01-28 11:55:53] Versende Einladung an: Awais.afzal.leipzig@gmail.com
[2026-01-28 11:55:53] E-Mail erfolgreich an Awais (Awais.afzal.leipzig@gmail.com) gesendet.
[2026-01-28 11:55:53] Versende Einladung an: yamenofficial644@gmail.com
[2026-01-28 11:55:53] E-Mail erfolgreich an Yamen (yamenofficial644@gmail.com) gesendet.
[2026-01-28 11:55:53] Versende Einladung an: danielazadmanech2020@gmail.com
[2026-01-28 11:55:53] E-Mail erfolgreich an Daniyal (danielazadmanech2020@gmail.com) gesendet.
[2026-01-28 11:55:53] Versende Einladung an: ahmedmhamid@icloud.con
[2026-01-28 11:55:54] E-Mail erfolgreich an Ahmed (ahmedmhamid@icloud.con) gesendet.
[2026-01-28 11:55:54] Versende Einladung an: hilalademhawa@gmail.com
[2026-01-28 11:55:54] E-Mail erfolgreich an Hilal (hilalademhawa@gmail.com) gesendet.
[2026-01-28 11:55:54] Versende Einladung an: a.kisser76@gmail.com
[2026-01-28 11:55:54] E-Mail erfolgreich an alexander (a.kisser76@gmail.com) gesendet.
[2026-01-28 12:11:06] Versende Einladung an: mohammedsaba908@gmail.com
[2026-01-28 12:11:06] E-Mail erfolgreich an Mohammed (mohammedsaba908@gmail.com) gesendet.
[2026-01-28 12:11:06] Versende Einladung an: halilkonak@hotmail.de
[2026-01-28 12:11:07] E-Mail erfolgreich an Halil (halilkonak@hotmail.de) gesendet.
[2026-01-28 12:11:07] Versende Einladung an: azim77ghairat@gmail.com
[2026-01-28 12:11:07] E-Mail erfolgreich an Mohammad Azim (azim77ghairat@gmail.com) gesendet.
[2026-01-28 12:11:07] Versende Einladung an: rsk.1983.lpz@gmail.com
[2026-01-28 12:11:07] E-Mail erfolgreich an Rajwinder (rsk.1983.lpz@gmail.com) gesendet.
[2026-01-28 12:11:07] Versende Einladung an: yosifshabanalmohammad@gmail.com
[2026-01-28 12:11:07] E-Mail erfolgreich an yosif (yosifshabanalmohammad@gmail.com) gesendet.
[2026-01-28 12:11:07] Versende Einladung an: asif.chohdry@gmx.net
[2026-01-28 12:11:08] E-Mail erfolgreich an Asif Mehmood (asif.chohdry@gmx.net) gesendet.
[2026-01-28 12:11:08] Versende Einladung an: wessamjames04@gmail.com
[2026-01-28 12:11:08] E-Mail erfolgreich an Alageeli (wessamjames04@gmail.com) gesendet.
[2026-01-28 12:11:08] Versende Einladung an: fahimalsalm@gmail.com
[2026-01-28 12:11:08] E-Mail erfolgreich an Fahim (fahimalsalm@gmail.com) gesendet.
[2026-01-28 12:11:08] Versende Einladung an: vitaliesagaidac1990@gmail.com
[2026-01-28 12:11:08] E-Mail erfolgreich an Vitalie (vitaliesagaidac1990@gmail.com) gesendet.
[2026-01-28 12:11:08] Versende Einladung an: singhgulab727@gmail.com
[2026-01-28 12:11:09] E-Mail erfolgreich an Singh (singhgulab727@gmail.com) gesendet.
[2026-01-28 12:11:09] Versende Einladung an: leipzig2b@gmail.com
[2026-01-28 12:11:09] E-Mail erfolgreich an Yousif (leipzig2b@gmail.com) gesendet.
[2026-01-28 12:11:09] Versende Einladung an: Khaled.afifi.az@gmail.com
[2026-01-28 12:11:09] E-Mail erfolgreich an KHALED (Khaled.afifi.az@gmail.com) gesendet.
[2026-01-28 12:11:09] Versende Einladung an: shivanperwer71@gmail.com
[2026-01-28 12:11:09] E-Mail erfolgreich an Shivan (shivanperwer71@gmail.com) gesendet.
[2026-01-28 12:11:09] Versende Einladung an: sajad.ibrahim1998@gmail.com
[2026-01-28 12:11:10] E-Mail erfolgreich an Taga allah (sajad.ibrahim1998@gmail.com) gesendet.
[2026-01-28 12:11:10] Versende Einladung an: tabatabayia44@gmail.com
[2026-01-28 12:11:10] E-Mail erfolgreich an Ali (tabatabayia44@gmail.com) gesendet.
[2026-01-28 12:11:10] Versende Einladung an: darwin1993ahmed@gmail.com
[2026-01-28 12:11:10] E-Mail erfolgreich an Darwin (darwin1993ahmed@gmail.com) gesendet.
[2026-01-28 12:11:10] Versende Einladung an: naderhamadani8@gmail.com
[2026-01-28 12:11:10] E-Mail erfolgreich an Nader (naderhamadani8@gmail.com) gesendet.
[2026-01-28 12:11:10] Versende Einladung an: chandpk2015@gmail.com
[2026-01-28 12:11:11] E-Mail erfolgreich an Faisal (chandpk2015@gmail.com) gesendet.
[2026-01-28 12:11:11] Versende Einladung an: m.galad6@icloud.com
[2026-01-28 12:11:11] E-Mail erfolgreich an Mohamad (m.galad6@icloud.com) gesendet.
[2026-01-28 12:11:11] Versende Einladung an: alnasser.omar@icloud.com
[2026-01-28 12:11:11] E-Mail erfolgreich an Omar (alnasser.omar@icloud.com) gesendet.
[2026-01-28 12:11:11] Versende Einladung an: masodrazmgo@gmail.com
[2026-01-28 12:11:11] E-Mail erfolgreich an Masoud (masodrazmgo@gmail.com) gesendet.
[2026-01-28 12:11:11] Versende Einladung an: nosheenhaji@outlook.de
[2026-01-28 12:11:12] E-Mail erfolgreich an Hussein (nosheenhaji@outlook.de) gesendet.
[2026-01-28 12:11:12] Versende Einladung an: Hamidalidin@gmail.com
[2026-01-28 12:11:12] E-Mail erfolgreich an Hamid (Hamidalidin@gmail.com) gesendet.
[2026-01-28 12:11:12] Versende Einladung an: qomid1871@gmail.com
[2026-01-28 12:11:12] E-Mail erfolgreich an Aminullah (qomid1871@gmail.com) gesendet.
[2026-01-28 12:11:12] Versende Einladung an: abulniran0030@gmail.com
[2026-01-28 12:11:13] E-Mail erfolgreich an Abulniran (abulniran0030@gmail.com) gesendet.
[2026-01-28 12:11:13] Versende Einladung an: osama.leipzig@gmail.com
[2026-01-28 12:11:13] E-Mail erfolgreich an ‪Osama (osama.leipzig@gmail.com) gesendet.
[2026-01-28 12:11:13] Versende Einladung an: hirensolankibaps5@gmail.com
[2026-01-28 12:11:13] E-Mail erfolgreich an Hiren Kantilal (hirensolankibaps5@gmail.com) gesendet.
[2026-01-28 12:11:13] Versende Einladung an: amarbouriah38@gmail.com
[2026-01-28 12:11:13] E-Mail erfolgreich an Amar (amarbouriah38@gmail.com) gesendet.
[2026-01-28 12:11:13] Versende Einladung an: shourstan@outlook.de
[2026-01-28 12:11:14] E-Mail erfolgreich an Shourshfan (shourstan@outlook.de) gesendet.
[2026-01-28 12:11:14] Versende Einladung an: saifibrahim129@gmail.com
[2026-01-28 12:11:14] E-Mail erfolgreich an Ibrahim (saifibrahim129@gmail.com) gesendet.
[2026-01-28 12:11:14] Versende Einladung an: peemad21@gmail.com
[2026-01-28 12:11:14] E-Mail erfolgreich an Mehman (peemad21@gmail.com) gesendet.
[2026-01-28 12:11:14] Versende Einladung an: mahmudalnimer7@gmail.com
[2026-01-28 12:11:14] E-Mail erfolgreich an Mahmud (mahmudalnimer7@gmail.com) gesendet.
[2026-01-28 12:11:14] Versende Einladung an: ahmadalkfftan89@gmail.com
[2026-01-28 12:11:15] E-Mail erfolgreich an Ahmad (ahmadalkfftan89@gmail.com) gesendet.
[2026-01-28 12:11:15] Versende Einladung an: shafi.temory2016@gmail.com
[2026-01-28 12:11:15] E-Mail erfolgreich an Shafi (shafi.temory2016@gmail.com) gesendet.
[2026-01-28 12:11:15] Versende Einladung an: snowrain674@gmail.com
[2026-01-28 12:11:15] E-Mail erfolgreich an Tayyab (snowrain674@gmail.com) gesendet.
[2026-01-28 12:11:15] Versende Einladung an: homayonesmaily777@gmail.com
[2026-01-28 12:11:15] E-Mail erfolgreich an Homayon (homayonesmaily777@gmail.com) gesendet.
[2026-01-28 12:11:15] Versende Einladung an: issaj0386@gmail.com
[2026-01-28 12:11:16] E-Mail erfolgreich an Jamal (issaj0386@gmail.com) gesendet.
[2026-01-28 12:11:16] Versende Einladung an: kamalzadafardin@gmail.com
[2026-01-28 12:11:16] E-Mail erfolgreich an Fardin (kamalzadafardin@gmail.com) gesendet.
[2026-01-28 12:11:16] Versende Einladung an: nn729774@gmail.com
[2026-01-28 12:11:16] E-Mail erfolgreich an Mohamed Nour (nn729774@gmail.com) gesendet.
[2026-01-28 12:11:16] Versende Einladung an: miloudbensakhria44@gmail.com
[2026-01-28 12:11:16] E-Mail erfolgreich an BENSAKHRIA (miloudbensakhria44@gmail.com) gesendet.
[2026-01-28 12:19:22] Terminbestätigung an BENSAKHRIA (miloudbensakhria44@gmail.com) gesendet.
[2026-01-28 12:19:36] Terminbestätigung an BENSAKHRIA (miloudbensakhria44@gmail.com) gesendet.
[2026-01-28 13:11:55] Terminbestätigung an Tayyab (snowrain674@gmail.com) gesendet.
[2026-01-28 14:04:28] Terminbestätigung an Mehman (peemad21@gmail.com) gesendet.
[2026-01-28 14:04:34] Terminbestätigung an Mehman (peemad21@gmail.com) gesendet.
[2026-01-28 17:00:39] Terminbestätigung an Daniyal (danielazadmanech2020@gmail.com) gesendet.
[2026-01-28 20:36:33] Terminbestätigung an Alageeli (wessamjames04@gmail.com) gesendet.
[2026-01-29 01:19:54] Terminbestätigung an Ali (tabatabayia44@gmail.com) gesendet.
[2026-01-29 10:01:50] Terminbestätigung an alexander (a.kisser76@gmail.com) gesendet.
[2026-01-30 13:53:31] Terminbestätigung an Fardin (kamalzadafardin@gmail.com) gesendet.
[2026-01-30 14:45:39] Versende Einladung an: mohammedsaba908@gmail.com
[2026-01-30 14:45:40] E-Mail erfolgreich an Mohammed (mohammedsaba908@gmail.com) gesendet.
[2026-01-30 14:45:40] Versende Einladung an: halilkonak@hotmail.de
[2026-01-30 14:45:40] E-Mail erfolgreich an Halil (halilkonak@hotmail.de) gesendet.
[2026-01-30 14:45:40] Versende Einladung an: azim77ghairat@gmail.com
[2026-01-30 14:45:40] E-Mail erfolgreich an Mohammad Azim (azim77ghairat@gmail.com) gesendet.
[2026-01-30 14:45:40] Versende Einladung an: rsk.1983.lpz@gmail.com
[2026-01-30 14:45:40] E-Mail erfolgreich an Rajwinder (rsk.1983.lpz@gmail.com) gesendet.
[2026-01-30 14:45:40] Versende Einladung an: yosifshabanalmohammad@gmail.com
[2026-01-30 14:45:40] E-Mail erfolgreich an yosif (yosifshabanalmohammad@gmail.com) gesendet.
[2026-01-30 14:45:40] Versende Einladung an: asif.chohdry@gmx.net
[2026-01-30 14:45:41] E-Mail erfolgreich an Asif Mehmood (asif.chohdry@gmx.net) gesendet.
[2026-01-30 14:45:41] Versende Einladung an: wessamjames04@gmail.com
[2026-01-30 14:45:41] E-Mail erfolgreich an Alageeli (wessamjames04@gmail.com) gesendet.
[2026-01-30 14:45:41] Versende Einladung an: fahimalsalm@gmail.com
[2026-01-30 14:45:41] E-Mail erfolgreich an Fahim (fahimalsalm@gmail.com) gesendet.
[2026-01-30 14:45:41] Versende Einladung an: vitaliesagaidac1990@gmail.com
[2026-01-30 14:45:41] E-Mail erfolgreich an Vitalie (vitaliesagaidac1990@gmail.com) gesendet.
[2026-01-30 14:45:41] Versende Einladung an: singhgulab727@gmail.com
[2026-01-30 14:45:42] E-Mail erfolgreich an Singh (singhgulab727@gmail.com) gesendet.
[2026-01-30 14:45:42] Versende Einladung an: leipzig2b@gmail.com
[2026-01-30 14:45:42] E-Mail erfolgreich an Yousif (leipzig2b@gmail.com) gesendet.
[2026-01-30 14:45:42] Versende Einladung an: Khaled.afifi.az@gmail.com
[2026-01-30 14:45:42] E-Mail erfolgreich an KHALED (Khaled.afifi.az@gmail.com) gesendet.
[2026-01-30 14:45:42] Versende Einladung an: shivanperwer71@gmail.com
[2026-01-30 14:45:42] E-Mail erfolgreich an Shivan (shivanperwer71@gmail.com) gesendet.
[2026-01-30 14:45:42] Versende Einladung an: sajad.ibrahim1998@gmail.com
[2026-01-30 14:45:42] E-Mail erfolgreich an Taga allah (sajad.ibrahim1998@gmail.com) gesendet.
[2026-01-30 14:45:42] Versende Einladung an: tabatabayia44@gmail.com
[2026-01-30 14:45:43] E-Mail erfolgreich an Ali (tabatabayia44@gmail.com) gesendet.
[2026-01-30 14:45:43] Versende Einladung an: darwin1993ahmed@gmail.com
[2026-01-30 14:45:43] E-Mail erfolgreich an Darwin (darwin1993ahmed@gmail.com) gesendet.
[2026-01-30 14:45:43] Versende Einladung an: naderhamadani8@gmail.com
[2026-01-30 14:45:43] E-Mail erfolgreich an Nader (naderhamadani8@gmail.com) gesendet.
[2026-01-30 14:45:43] Versende Einladung an: chandpk2015@gmail.com
[2026-01-30 14:45:43] E-Mail erfolgreich an Faisal (chandpk2015@gmail.com) gesendet.
[2026-01-30 14:45:43] Versende Einladung an: m.galad6@icloud.com
[2026-01-30 14:45:44] E-Mail erfolgreich an Mohamad (m.galad6@icloud.com) gesendet.
[2026-01-30 14:45:44] Versende Einladung an: alnasser.omar@icloud.com
[2026-01-30 14:45:44] E-Mail erfolgreich an Omar (alnasser.omar@icloud.com) gesendet.
[2026-01-30 14:45:44] Versende Einladung an: masodrazmgo@gmail.com
[2026-01-30 14:45:44] E-Mail erfolgreich an Masoud (masodrazmgo@gmail.com) gesendet.
[2026-01-30 14:45:44] Versende Einladung an: nosheenhaji@outlook.de
[2026-01-30 14:45:44] E-Mail erfolgreich an Hussein (nosheenhaji@outlook.de) gesendet.
[2026-01-30 14:45:44] Versende Einladung an: Hamidalidin@gmail.com
[2026-01-30 14:45:44] E-Mail erfolgreich an Hamid (Hamidalidin@gmail.com) gesendet.
[2026-01-30 14:45:44] Versende Einladung an: qomid1871@gmail.com
[2026-01-30 14:45:45] E-Mail erfolgreich an Aminullah (qomid1871@gmail.com) gesendet.
[2026-01-30 14:45:45] Versende Einladung an: abulniran0030@gmail.com
[2026-01-30 14:45:45] E-Mail erfolgreich an Abulniran (abulniran0030@gmail.com) gesendet.
[2026-01-30 14:45:45] Versende Einladung an: osama.leipzig@gmail.com
[2026-01-30 14:45:45] E-Mail erfolgreich an ‪Osama (osama.leipzig@gmail.com) gesendet.
[2026-01-30 14:45:45] Versende Einladung an: hirensolankibaps5@gmail.com
[2026-01-30 14:45:45] E-Mail erfolgreich an Hiren Kantilal (hirensolankibaps5@gmail.com) gesendet.
[2026-01-30 14:45:45] Versende Einladung an: amarbouriah38@gmail.com
[2026-01-30 14:45:46] E-Mail erfolgreich an Amar (amarbouriah38@gmail.com) gesendet.
[2026-01-30 14:45:46] Versende Einladung an: shourstan@outlook.de
[2026-01-30 14:45:46] E-Mail erfolgreich an Shourshfan (shourstan@outlook.de) gesendet.
[2026-01-30 14:45:46] Versende Einladung an: saifibrahim129@gmail.com
[2026-01-30 14:45:46] E-Mail erfolgreich an Ibrahim (saifibrahim129@gmail.com) gesendet.
[2026-01-30 14:45:46] Versende Einladung an: peemad21@gmail.com
[2026-01-30 14:45:46] E-Mail erfolgreich an Mehman (peemad21@gmail.com) gesendet.
[2026-01-30 14:45:46] Versende Einladung an: mahmudalnimer7@gmail.com
[2026-01-30 14:45:47] E-Mail erfolgreich an Mahmud (mahmudalnimer7@gmail.com) gesendet.
[2026-01-30 14:45:47] Versende Einladung an: ahmadalkfftan89@gmail.com
[2026-01-30 14:45:47] E-Mail erfolgreich an Ahmad (ahmadalkfftan89@gmail.com) gesendet.
[2026-01-30 14:45:47] Versende Einladung an: shafi.temory2016@gmail.com
[2026-01-30 14:45:47] E-Mail erfolgreich an Shafi (shafi.temory2016@gmail.com) gesendet.
[2026-01-30 14:45:47] Versende Einladung an: snowrain674@gmail.com
[2026-01-30 14:45:47] E-Mail erfolgreich an Tayyab (snowrain674@gmail.com) gesendet.
[2026-01-30 14:45:47] Versende Einladung an: igor.wampula@live.at
[2026-01-30 14:45:47] E-Mail erfolgreich an Igor (igor.wampula@live.at) gesendet.
[2026-01-30 14:45:47] Versende Einladung an: homayonesmaily777@gmail.com
[2026-01-30 14:45:48] E-Mail erfolgreich an Homayon (homayonesmaily777@gmail.com) gesendet.
[2026-01-30 14:45:48] Versende Einladung an: issaj0386@gmail.com
[2026-01-30 14:45:48] E-Mail erfolgreich an Jamal (issaj0386@gmail.com) gesendet.
[2026-01-30 14:45:48] Versende Einladung an: kamalzadafardin@gmail.com
[2026-01-30 14:45:48] E-Mail erfolgreich an Fardin (kamalzadafardin@gmail.com) gesendet.
[2026-01-30 14:45:48] Versende Einladung an: nn729774@gmail.com
[2026-01-30 14:45:48] E-Mail erfolgreich an Mohamed Nour (nn729774@gmail.com) gesendet.
[2026-01-30 14:45:48] Versende Einladung an: miloudbensakhria44@gmail.com
[2026-01-30 14:45:49] E-Mail erfolgreich an BENSAKHRIA (miloudbensakhria44@gmail.com) gesendet.
[2026-01-30 14:45:49] Versende Einladung an: Awais.afzal.leipzig@gmail.com
[2026-01-30 14:45:49] E-Mail erfolgreich an Awais (Awais.afzal.leipzig@gmail.com) gesendet.
[2026-01-30 14:45:49] Versende Einladung an: yamenofficial644@gmail.com
[2026-01-30 14:45:49] E-Mail erfolgreich an Yamen (yamenofficial644@gmail.com) gesendet.
[2026-01-30 14:45:49] Versende Einladung an: danielazadmanech2020@gmail.com
[2026-01-30 14:45:49] E-Mail erfolgreich an Daniyal (danielazadmanech2020@gmail.com) gesendet.
[2026-01-30 14:45:49] Versende Einladung an: ahmedmhamid@icloud.con
[2026-01-30 14:45:50] E-Mail erfolgreich an Ahmed (ahmedmhamid@icloud.con) gesendet.
[2026-01-30 14:45:50] Versende Einladung an: hilalademhawa@gmail.com
[2026-01-30 14:45:50] E-Mail erfolgreich an Hilal (hilalademhawa@gmail.com) gesendet.
[2026-01-30 14:45:50] Versende Einladung an: a.kisser76@gmail.com
[2026-01-30 14:45:50] E-Mail erfolgreich an alexander (a.kisser76@gmail.com) gesendet.
[2026-01-30 14:57:18] Terminbestätigung an Homayon (homayonesmaily777@gmail.com) gesendet.
[2026-01-30 15:18:59] Terminbestätigung an Igor (igor.wampula@live.at) gesendet.
[2026-02-02 15:30:34] Terminbestätigung an Shafi (shafi.temory2016@gmail.com) gesendet.
[2026-02-03 13:49:23] Versende Einladung an: mohammedsaba908@gmail.com
[2026-02-03 13:49:23] E-Mail erfolgreich an Mohammed (mohammedsaba908@gmail.com) gesendet.
[2026-02-03 13:49:23] Versende Einladung an: halilkonak@hotmail.de
[2026-02-03 13:49:24] E-Mail erfolgreich an Halil (halilkonak@hotmail.de) gesendet.
[2026-02-03 13:49:24] Versende Einladung an: azim77ghairat@gmail.com
[2026-02-03 13:49:24] E-Mail erfolgreich an Mohammad Azim (azim77ghairat@gmail.com) gesendet.
[2026-02-03 13:49:24] Versende Einladung an: rsk.1983.lpz@gmail.com
[2026-02-03 13:49:24] E-Mail erfolgreich an Rajwinder (rsk.1983.lpz@gmail.com) gesendet.
[2026-02-03 13:49:24] Versende Einladung an: yosifshabanalmohammad@gmail.com
[2026-02-03 13:49:24] E-Mail erfolgreich an yosif (yosifshabanalmohammad@gmail.com) gesendet.
[2026-02-03 13:49:24] Versende Einladung an: asif.chohdry@gmx.net
[2026-02-03 13:49:24] E-Mail erfolgreich an Asif Mehmood (asif.chohdry@gmx.net) gesendet.
[2026-02-03 13:49:24] Versende Einladung an: wessamjames04@gmail.com
[2026-02-03 13:49:25] E-Mail erfolgreich an Alageeli (wessamjames04@gmail.com) gesendet.
[2026-02-03 13:49:25] Versende Einladung an: fahimalsalm@gmail.com
[2026-02-03 13:49:25] E-Mail erfolgreich an Fahim (fahimalsalm@gmail.com) gesendet.
[2026-02-03 13:49:25] Versende Einladung an: vitaliesagaidac1990@gmail.com
[2026-02-03 13:49:25] E-Mail erfolgreich an Vitalie (vitaliesagaidac1990@gmail.com) gesendet.
[2026-02-03 13:49:25] Versende Einladung an: singhgulab727@gmail.com
[2026-02-03 13:49:25] E-Mail erfolgreich an Singh (singhgulab727@gmail.com) gesendet.
[2026-02-03 13:49:25] Versende Einladung an: leipzig2b@gmail.com
[2026-02-03 13:49:26] E-Mail erfolgreich an Yousif (leipzig2b@gmail.com) gesendet.
[2026-02-03 13:49:26] Versende Einladung an: Khaled.afifi.az@gmail.com
[2026-02-03 13:49:26] E-Mail erfolgreich an KHALED (Khaled.afifi.az@gmail.com) gesendet.
[2026-02-03 13:49:26] Versende Einladung an: shivanperwer71@gmail.com
[2026-02-03 13:49:26] E-Mail erfolgreich an Shivan (shivanperwer71@gmail.com) gesendet.
[2026-02-03 13:49:26] Versende Einladung an: sajad.ibrahim1998@gmail.com
[2026-02-03 13:49:26] E-Mail erfolgreich an Taga allah (sajad.ibrahim1998@gmail.com) gesendet.
[2026-02-03 13:49:26] Versende Einladung an: tabatabayia44@gmail.com
[2026-02-03 13:49:27] E-Mail erfolgreich an Ali (tabatabayia44@gmail.com) gesendet.
[2026-02-03 13:49:27] Versende Einladung an: darwin1993ahmed@gmail.com
[2026-02-03 13:49:27] E-Mail erfolgreich an Darwin (darwin1993ahmed@gmail.com) gesendet.
[2026-02-03 13:49:27] Versende Einladung an: naderhamadani8@gmail.com
[2026-02-03 13:49:27] E-Mail erfolgreich an Nader (naderhamadani8@gmail.com) gesendet.
[2026-02-03 13:49:27] Versende Einladung an: chandpk2015@gmail.com
[2026-02-03 13:49:27] E-Mail erfolgreich an Faisal (chandpk2015@gmail.com) gesendet.
[2026-02-03 13:49:27] Versende Einladung an: m.galad6@icloud.com
[2026-02-03 13:49:28] E-Mail erfolgreich an Mohamad (m.galad6@icloud.com) gesendet.
[2026-02-03 13:49:28] Versende Einladung an: alnasser.omar@icloud.com
[2026-02-03 13:49:28] E-Mail erfolgreich an Omar (alnasser.omar@icloud.com) gesendet.
[2026-02-03 13:49:28] Versende Einladung an: masodrazmgo@gmail.com
[2026-02-03 13:49:28] E-Mail erfolgreich an Masoud (masodrazmgo@gmail.com) gesendet.
[2026-02-03 13:49:28] Versende Einladung an: nosheenhaji@outlook.de
[2026-02-03 13:49:28] E-Mail erfolgreich an Hussein (nosheenhaji@outlook.de) gesendet.
[2026-02-03 13:49:28] Versende Einladung an: Hamidalidin@gmail.com
[2026-02-03 13:49:29] E-Mail erfolgreich an Hamid (Hamidalidin@gmail.com) gesendet.
[2026-02-03 13:49:29] Versende Einladung an: qomid1871@gmail.com
[2026-02-03 13:49:29] E-Mail erfolgreich an Aminullah (qomid1871@gmail.com) gesendet.
[2026-02-03 13:49:29] Versende Einladung an: abulniran0030@gmail.com
[2026-02-03 13:49:29] E-Mail erfolgreich an Abulniran (abulniran0030@gmail.com) gesendet.
[2026-02-03 13:49:29] Versende Einladung an: osama.leipzig@gmail.com
[2026-02-03 13:49:29] E-Mail erfolgreich an ‪Osama (osama.leipzig@gmail.com) gesendet.
[2026-02-03 13:49:29] Versende Einladung an: hirensolankibaps5@gmail.com
[2026-02-03 13:49:30] E-Mail erfolgreich an Hiren Kantilal (hirensolankibaps5@gmail.com) gesendet.
[2026-02-03 13:49:30] Versende Einladung an: amarbouriah38@gmail.com
[2026-02-03 13:49:30] E-Mail erfolgreich an Amar (amarbouriah38@gmail.com) gesendet.
[2026-02-03 13:49:30] Versende Einladung an: shourstan@outlook.de
[2026-02-03 13:49:30] E-Mail erfolgreich an Shourshfan (shourstan@outlook.de) gesendet.
[2026-02-03 13:49:30] Versende Einladung an: saifibrahim129@gmail.com
[2026-02-03 13:49:30] E-Mail erfolgreich an Ibrahim (saifibrahim129@gmail.com) gesendet.
[2026-02-03 13:49:30] Versende Einladung an: peemad21@gmail.com
[2026-02-03 13:49:31] E-Mail erfolgreich an Mehman (peemad21@gmail.com) gesendet.
[2026-02-03 13:49:31] Versende Einladung an: mahmudalnimer7@gmail.com
[2026-02-03 13:49:31] E-Mail erfolgreich an Mahmud (mahmudalnimer7@gmail.com) gesendet.
[2026-02-03 13:49:31] Versende Einladung an: ahmadalkfftan89@gmail.com
[2026-02-03 13:49:31] E-Mail erfolgreich an Ahmad (ahmadalkfftan89@gmail.com) gesendet.
[2026-02-03 13:49:31] Versende Einladung an: shafi.temory2016@gmail.com
[2026-02-03 13:49:31] E-Mail erfolgreich an Shafi (shafi.temory2016@gmail.com) gesendet.
[2026-02-03 13:49:31] Versende Einladung an: snowrain674@gmail.com
[2026-02-03 13:49:31] E-Mail erfolgreich an Tayyab (snowrain674@gmail.com) gesendet.
[2026-02-03 13:49:31] Versende Einladung an: igor.wampula@live.at
[2026-02-03 13:49:32] E-Mail erfolgreich an Igor (igor.wampula@live.at) gesendet.
[2026-02-03 13:49:32] Versende Einladung an: homayonesmaily777@gmail.com
[2026-02-03 13:49:32] E-Mail erfolgreich an Homayon (homayonesmaily777@gmail.com) gesendet.
[2026-02-03 13:49:32] Versende Einladung an: issaj0386@gmail.com
[2026-02-03 13:49:32] E-Mail erfolgreich an Jamal (issaj0386@gmail.com) gesendet.
[2026-02-03 13:49:32] Versende Einladung an: kamalzadafardin@gmail.com
[2026-02-03 13:49:32] E-Mail erfolgreich an Fardin (kamalzadafardin@gmail.com) gesendet.
[2026-02-03 13:49:32] Versende Einladung an: nn729774@gmail.com
[2026-02-03 13:49:33] E-Mail erfolgreich an Mohamed Nour (nn729774@gmail.com) gesendet.
[2026-02-03 13:49:33] Versende Einladung an: miloudbensakhria44@gmail.com
[2026-02-03 13:49:33] E-Mail erfolgreich an BENSAKHRIA (miloudbensakhria44@gmail.com) gesendet.
[2026-02-03 13:49:33] Versende Einladung an: Awais.afzal.leipzig@gmail.com
[2026-02-03 13:49:33] E-Mail erfolgreich an Awais (Awais.afzal.leipzig@gmail.com) gesendet.
[2026-02-03 13:49:33] Versende Einladung an: yamenofficial644@gmail.com
[2026-02-03 13:49:33] E-Mail erfolgreich an Yamen (yamenofficial644@gmail.com) gesendet.
[2026-02-03 13:49:33] Versende Einladung an: danielazadmanech2020@gmail.com
[2026-02-03 13:49:34] E-Mail erfolgreich an Daniyal (danielazadmanech2020@gmail.com) gesendet.
[2026-02-03 13:49:34] Versende Einladung an: ahmedmhamid@icloud.con
[2026-02-03 13:49:34] E-Mail erfolgreich an Ahmed (ahmedmhamid@icloud.con) gesendet.
[2026-02-03 13:49:34] Versende Einladung an: hilalademhawa@gmail.com
[2026-02-03 13:49:34] E-Mail erfolgreich an Hilal (hilalademhawa@gmail.com) gesendet.
[2026-02-03 13:49:34] Versende Einladung an: a.kisser76@gmail.com
[2026-02-03 13:49:34] E-Mail erfolgreich an alexander (a.kisser76@gmail.com) gesendet.
[2026-02-03 13:49:34] Versende Einladung an: ahmadkhallo215@gmail.com
[2026-02-03 13:49:35] E-Mail erfolgreich an Ahmad (ahmadkhallo215@gmail.com) gesendet.
[2026-02-03 13:49:35] Versende Einladung an: S.Zschiesche@web.de
[2026-02-03 13:49:35] E-Mail erfolgreich an Steffen (S.Zschiesche@web.de) gesendet.
[2026-02-03 13:50:16] Terminbestätigung an Steffen (S.Zschiesche@web.de) gesendet.
[2026-02-11 09:32:39] Versende Einladung an: mohammedsaba908@gmail.com
[2026-02-11 09:32:42] E-Mail erfolgreich an Mohammed (mohammedsaba908@gmail.com) gesendet.
[2026-02-11 09:32:42] Versende Einladung an: halilkonak@hotmail.de
[2026-02-11 09:32:44] E-Mail erfolgreich an Halil (halilkonak@hotmail.de) gesendet.
[2026-02-11 09:32:44] Versende Einladung an: azim77ghairat@gmail.com
[2026-02-11 09:32:46] E-Mail erfolgreich an Mohammad Azim (azim77ghairat@gmail.com) gesendet.
[2026-02-11 09:32:46] Versende Einladung an: rsk.1983.lpz@gmail.com
[2026-02-11 09:32:48] E-Mail erfolgreich an Rajwinder (rsk.1983.lpz@gmail.com) gesendet.
[2026-02-11 09:32:48] Versende Einladung an: yosifshabanalmohammad@gmail.com
[2026-02-11 09:32:51] E-Mail erfolgreich an yosif (yosifshabanalmohammad@gmail.com) gesendet.
[2026-02-11 09:32:51] Versende Einladung an: asif.chohdry@gmx.net
[2026-02-11 09:32:51] E-Mail erfolgreich an Asif Mehmood (asif.chohdry@gmx.net) gesendet.
[2026-02-11 09:32:51] Versende Einladung an: fahimalsalm@gmail.com
[2026-02-11 09:32:51] E-Mail erfolgreich an Fahim (fahimalsalm@gmail.com) gesendet.
[2026-02-11 09:32:51] Versende Einladung an: vitaliesagaidac1990@gmail.com
[2026-02-11 09:32:51] E-Mail erfolgreich an Vitalie (vitaliesagaidac1990@gmail.com) gesendet.
[2026-02-11 09:32:51] Versende Einladung an: singhgulab727@gmail.com
[2026-02-11 09:32:52] E-Mail erfolgreich an Singh (singhgulab727@gmail.com) gesendet.
[2026-02-11 09:32:52] Versende Einladung an: leipzig2b@gmail.com
[2026-02-11 09:32:52] E-Mail erfolgreich an Yousif (leipzig2b@gmail.com) gesendet.
[2026-02-11 09:32:52] Versende Einladung an: Khaled.afifi.az@gmail.com
[2026-02-11 09:32:52] E-Mail erfolgreich an KHALED (Khaled.afifi.az@gmail.com) gesendet.
[2026-02-11 09:32:52] Versende Einladung an: shivanperwer71@gmail.com
[2026-02-11 09:32:52] E-Mail erfolgreich an Shivan (shivanperwer71@gmail.com) gesendet.
[2026-02-11 09:32:52] Versende Einladung an: sajad.ibrahim1998@gmail.com
[2026-02-11 09:32:52] E-Mail erfolgreich an Taga allah (sajad.ibrahim1998@gmail.com) gesendet.
[2026-02-11 09:32:52] Versende Einladung an: darwin1993ahmed@gmail.com
[2026-02-11 09:32:53] E-Mail erfolgreich an Darwin (darwin1993ahmed@gmail.com) gesendet.
[2026-02-11 09:32:53] Versende Einladung an: naderhamadani8@gmail.com
[2026-02-11 09:32:53] E-Mail erfolgreich an Nader (naderhamadani8@gmail.com) gesendet.
[2026-02-11 09:32:53] Versende Einladung an: chandpk2015@gmail.com
[2026-02-11 09:32:53] E-Mail erfolgreich an Faisal (chandpk2015@gmail.com) gesendet.
[2026-02-11 09:32:53] Versende Einladung an: m.galad6@icloud.com
[2026-02-11 09:32:53] E-Mail erfolgreich an Mohamad (m.galad6@icloud.com) gesendet.
[2026-02-11 09:32:53] Versende Einladung an: alnasser.omar@icloud.com
[2026-02-11 09:32:54] E-Mail erfolgreich an Omar (alnasser.omar@icloud.com) gesendet.
[2026-02-11 09:32:54] Versende Einladung an: masodrazmgo@gmail.com
[2026-02-11 09:32:54] E-Mail erfolgreich an Masoud (masodrazmgo@gmail.com) gesendet.
[2026-02-11 09:32:54] Versende Einladung an: nosheenhaji@outlook.de
[2026-02-11 09:32:54] E-Mail erfolgreich an Hussein (nosheenhaji@outlook.de) gesendet.
[2026-02-11 09:32:54] Versende Einladung an: Hamidalidin@gmail.com
[2026-02-11 09:32:54] E-Mail erfolgreich an Hamid (Hamidalidin@gmail.com) gesendet.
[2026-02-11 09:32:54] Versende Einladung an: qomid1871@gmail.com
[2026-02-11 09:32:54] E-Mail erfolgreich an Aminullah (qomid1871@gmail.com) gesendet.
[2026-02-11 09:32:54] Versende Einladung an: abulniran0030@gmail.com
[2026-02-11 09:32:55] E-Mail erfolgreich an Abulniran (abulniran0030@gmail.com) gesendet.
[2026-02-11 09:32:55] Versende Einladung an: osama.leipzig@gmail.com
[2026-02-11 09:32:55] E-Mail erfolgreich an ‪Osama (osama.leipzig@gmail.com) gesendet.
[2026-02-11 09:32:55] Versende Einladung an: hirensolankibaps5@gmail.com
[2026-02-11 09:32:55] E-Mail erfolgreich an Hiren Kantilal (hirensolankibaps5@gmail.com) gesendet.
[2026-02-11 09:32:55] Versende Einladung an: amarbouriah38@gmail.com
[2026-02-11 09:32:55] E-Mail erfolgreich an Amar (amarbouriah38@gmail.com) gesendet.
[2026-02-11 09:32:55] Versende Einladung an: shourstan@outlook.de
[2026-02-11 09:32:56] E-Mail erfolgreich an Shourshfan (shourstan@outlook.de) gesendet.
[2026-02-11 09:32:56] Versende Einladung an: saifibrahim129@gmail.com
[2026-02-11 09:32:56] E-Mail erfolgreich an Ibrahim (saifibrahim129@gmail.com) gesendet.
[2026-02-11 09:32:56] Versende Einladung an: mahmudalnimer7@gmail.com
[2026-02-11 09:32:56] E-Mail erfolgreich an Mahmud (mahmudalnimer7@gmail.com) gesendet.
[2026-02-11 09:32:56] Versende Einladung an: ahmadalkfftan89@gmail.com
[2026-02-11 09:32:56] E-Mail erfolgreich an Ahmad (ahmadalkfftan89@gmail.com) gesendet.
[2026-02-11 09:32:56] Versende Einladung an: issaj0386@gmail.com
[2026-02-11 09:32:56] E-Mail erfolgreich an Jamal (issaj0386@gmail.com) gesendet.
[2026-02-11 09:32:56] Versende Einladung an: nn729774@gmail.com
[2026-02-11 09:32:57] E-Mail erfolgreich an Mohamed Nour (nn729774@gmail.com) gesendet.
[2026-02-11 09:32:57] Versende Einladung an: Awais.afzal.leipzig@gmail.com
[2026-02-11 09:32:57] E-Mail erfolgreich an Awais (Awais.afzal.leipzig@gmail.com) gesendet.
[2026-02-11 09:32:57] Versende Einladung an: yamenofficial644@gmail.com
[2026-02-11 09:32:57] E-Mail erfolgreich an Yamen (yamenofficial644@gmail.com) gesendet.
[2026-02-11 09:32:57] Versende Einladung an: ahmedmhamid@icloud.con
[2026-02-11 09:32:57] E-Mail erfolgreich an Ahmed (ahmedmhamid@icloud.con) gesendet.
[2026-02-11 09:32:57] Versende Einladung an: hilalademhawa@gmail.com
[2026-02-11 09:32:58] E-Mail erfolgreich an Hilal (hilalademhawa@gmail.com) gesendet.
[2026-02-11 09:32:58] Versende Einladung an: ahmadkhallo215@gmail.com
[2026-02-11 09:32:58] E-Mail erfolgreich an Ahmad (ahmadkhallo215@gmail.com) gesendet.
[2026-02-11 09:32:58] Versende Einladung an: wolf-peter.hoffmann@gmx.de
[2026-02-11 09:32:58] E-Mail erfolgreich an Wolf-Peter (wolf-peter.hoffmann@gmx.de) gesendet.
[2026-02-11 09:32:58] Versende Einladung an: junghanjens88@gmail.com
[2026-02-11 09:32:58] E-Mail erfolgreich an Jens (junghanjens88@gmail.com) gesendet.
[2026-02-11 09:32:58] Versende Einladung an: ledigmi@t-online.de
[2026-02-11 09:32:58] E-Mail erfolgreich an Mihaly (ledigmi@t-online.de) gesendet.
[2026-02-11 09:32:58] Versende Einladung an: mhamdih170@gmail.com
[2026-02-11 09:32:59] E-Mail erfolgreich an Mhamdi (mhamdih170@gmail.com) gesendet.
[2026-02-11 09:32:59] Versende Einladung an: safi.haleem@gmail.com
[2026-02-11 09:32:59] E-Mail erfolgreich an Abdul Haleem (safi.haleem@gmail.com) gesendet.
[2026-02-11 09:32:59] Versende Einladung an: hamid.qayumi@yahoo.com
[2026-02-11 09:32:59] E-Mail erfolgreich an Qayumi (hamid.qayumi@yahoo.com) gesendet.
[2026-02-11 09:32:59] Versende Einladung an: jakoubaraim@gmail.com
[2026-02-11 09:32:59] E-Mail erfolgreich an Yaqoob Dawood Abdulmalek (jakoubaraim@gmail.com) gesendet.
[2026-02-11 09:37:53] Terminbestätigung an Qayumi (hamid.qayumi@yahoo.com) gesendet.
[2026-02-11 09:47:23] Terminbestätigung an Mihaly (ledigmi@t-online.de) gesendet.
[2026-02-11 10:10:25] Terminbestätigung an Ahmad (ahmadkhallo215@gmail.com) gesendet.
[2026-02-12 08:22:50] Terminbestätigung an Wolf-Peter (wolf-peter.hoffmann@gmx.de) gesendet.
[2026-02-12 13:06:43] Terminbestätigung an Abdul Haleem (safi.haleem@gmail.com) gesendet.
[2026-02-12 15:55:09] Terminbestätigung an Mhamdi (mhamdih170@gmail.com) gesendet.
[2026-02-12 20:58:57] Terminbestätigung an Yaqoob Dawood Abdulmalek (jakoubaraim@gmail.com) gesendet.
[2026-02-13 11:42:45] Terminbestätigung an Jens (junghanjens88@gmail.com) gesendet.
[2026-02-16 14:13:37] Terminbestätigung an BENSAKHRIA (miloudbensakhria44@gmail.com) gesendet.
[2026-02-17 11:18:43] Versende Einladung an: mohammedsaba908@gmail.com
[2026-02-17 11:18:44] E-Mail erfolgreich an Mohammed (mohammedsaba908@gmail.com) gesendet.
[2026-02-17 11:18:44] Versende Einladung an: halilkonak@hotmail.de
[2026-02-17 11:18:44] E-Mail erfolgreich an Halil (halilkonak@hotmail.de) gesendet.
[2026-02-17 11:18:44] Versende Einladung an: azim77ghairat@gmail.com
[2026-02-17 11:18:44] E-Mail erfolgreich an Mohammad Azim (azim77ghairat@gmail.com) gesendet.
[2026-02-17 11:18:44] Versende Einladung an: rsk.1983.lpz@gmail.com
[2026-02-17 11:18:44] E-Mail erfolgreich an Rajwinder (rsk.1983.lpz@gmail.com) gesendet.
[2026-02-17 11:18:44] Versende Einladung an: yosifshabanalmohammad@gmail.com
[2026-02-17 11:18:45] E-Mail erfolgreich an yosif (yosifshabanalmohammad@gmail.com) gesendet.
[2026-02-17 11:18:45] Versende Einladung an: asif.chohdry@gmx.net
[2026-02-17 11:18:45] E-Mail erfolgreich an Asif Mehmood (asif.chohdry@gmx.net) gesendet.
[2026-02-17 11:18:45] Versende Einladung an: fahimalsalm@gmail.com
[2026-02-17 11:18:45] E-Mail erfolgreich an Fahim (fahimalsalm@gmail.com) gesendet.
[2026-02-17 11:18:45] Versende Einladung an: vitaliesagaidac1990@gmail.com
[2026-02-17 11:18:45] E-Mail erfolgreich an Vitalie (vitaliesagaidac1990@gmail.com) gesendet.
[2026-02-17 11:18:45] Versende Einladung an: singhgulab727@gmail.com
[2026-02-17 11:18:45] E-Mail erfolgreich an Singh (singhgulab727@gmail.com) gesendet.
[2026-02-17 11:18:45] Versende Einladung an: leipzig2b@gmail.com
[2026-02-17 11:18:46] E-Mail erfolgreich an Yousif (leipzig2b@gmail.com) gesendet.
[2026-02-17 11:18:46] Versende Einladung an: Khaled.afifi.az@gmail.com
[2026-02-17 11:18:46] E-Mail erfolgreich an KHALED (Khaled.afifi.az@gmail.com) gesendet.
[2026-02-17 11:18:46] Versende Einladung an: shivanperwer71@gmail.com
[2026-02-17 11:18:46] E-Mail erfolgreich an Shivan (shivanperwer71@gmail.com) gesendet.
[2026-02-17 11:18:46] Versende Einladung an: sajad.ibrahim1998@gmail.com
[2026-02-17 11:18:46] E-Mail erfolgreich an Taga allah (sajad.ibrahim1998@gmail.com) gesendet.
[2026-02-17 11:18:46] Versende Einladung an: darwin1993ahmed@gmail.com
[2026-02-17 11:18:47] E-Mail erfolgreich an Darwin (darwin1993ahmed@gmail.com) gesendet.
[2026-02-17 11:18:47] Versende Einladung an: naderhamadani8@gmail.com
[2026-02-17 11:18:47] E-Mail erfolgreich an Nader (naderhamadani8@gmail.com) gesendet.
[2026-02-17 11:18:47] Versende Einladung an: chandpk2015@gmail.com
[2026-02-17 11:18:47] E-Mail erfolgreich an Faisal (chandpk2015@gmail.com) gesendet.
[2026-02-17 11:18:47] Versende Einladung an: m.galad6@icloud.com
[2026-02-17 11:18:47] E-Mail erfolgreich an Mohamad (m.galad6@icloud.com) gesendet.
[2026-02-17 11:18:47] Versende Einladung an: alnasser.omar@icloud.com
[2026-02-17 11:18:47] E-Mail erfolgreich an Omar (alnasser.omar@icloud.com) gesendet.
[2026-02-17 11:18:47] Versende Einladung an: masodrazmgo@gmail.com
[2026-02-17 11:18:48] E-Mail erfolgreich an Masoud (masodrazmgo@gmail.com) gesendet.
[2026-02-17 11:18:48] Versende Einladung an: nosheenhaji@outlook.de
[2026-02-17 11:18:48] E-Mail erfolgreich an Hussein (nosheenhaji@outlook.de) gesendet.
[2026-02-17 11:18:48] Versende Einladung an: Hamidalidin@gmail.com
[2026-02-17 11:18:48] E-Mail erfolgreich an Hamid (Hamidalidin@gmail.com) gesendet.
[2026-02-17 11:18:48] Versende Einladung an: qomid1871@gmail.com
[2026-02-17 11:18:48] E-Mail erfolgreich an Aminullah (qomid1871@gmail.com) gesendet.
[2026-02-17 11:18:48] Versende Einladung an: abulniran0030@gmail.com
[2026-02-17 11:18:49] E-Mail erfolgreich an Abulniran (abulniran0030@gmail.com) gesendet.
[2026-02-17 11:18:49] Versende Einladung an: osama.leipzig@gmail.com
[2026-02-17 11:18:49] E-Mail erfolgreich an ‪Osama (osama.leipzig@gmail.com) gesendet.
[2026-02-17 11:18:49] Versende Einladung an: hirensolankibaps5@gmail.com
[2026-02-17 11:18:49] E-Mail erfolgreich an Hiren Kantilal (hirensolankibaps5@gmail.com) gesendet.
[2026-02-17 11:18:49] Versende Einladung an: amarbouriah38@gmail.com
[2026-02-17 11:18:49] E-Mail erfolgreich an Amar (amarbouriah38@gmail.com) gesendet.
[2026-02-17 11:18:49] Versende Einladung an: shourstan@outlook.de
[2026-02-17 11:18:50] E-Mail erfolgreich an Shourshfan (shourstan@outlook.de) gesendet.
[2026-02-17 11:18:50] Versende Einladung an: saifibrahim129@gmail.com
[2026-02-17 11:18:50] E-Mail erfolgreich an Ibrahim (saifibrahim129@gmail.com) gesendet.
[2026-02-17 11:18:50] Versende Einladung an: mahmudalnimer7@gmail.com
[2026-02-17 11:18:50] E-Mail erfolgreich an Mahmud (mahmudalnimer7@gmail.com) gesendet.
[2026-02-17 11:18:50] Versende Einladung an: ahmadalkfftan89@gmail.com
[2026-02-17 11:18:50] E-Mail erfolgreich an Ahmad (ahmadalkfftan89@gmail.com) gesendet.
[2026-02-17 11:18:50] Versende Einladung an: issaj0386@gmail.com
[2026-02-17 11:18:51] E-Mail erfolgreich an Jamal (issaj0386@gmail.com) gesendet.
[2026-02-17 11:18:51] Versende Einladung an: nn729774@gmail.com
[2026-02-17 11:18:51] E-Mail erfolgreich an Mohamed Nour (nn729774@gmail.com) gesendet.
[2026-02-17 11:18:51] Versende Einladung an: Awais.afzal.leipzig@gmail.com
[2026-02-17 11:18:51] E-Mail erfolgreich an Awais (Awais.afzal.leipzig@gmail.com) gesendet.
[2026-02-17 11:18:51] Versende Einladung an: yamenofficial644@gmail.com
[2026-02-17 11:18:51] E-Mail erfolgreich an Yamen (yamenofficial644@gmail.com) gesendet.
[2026-02-17 11:18:51] Versende Einladung an: ahmedmhamid@icloud.con
[2026-02-17 11:18:52] E-Mail erfolgreich an Ahmed (ahmedmhamid@icloud.con) gesendet.
[2026-02-17 11:18:52] Versende Einladung an: hilalademhawa@gmail.com
[2026-02-17 11:18:52] E-Mail erfolgreich an Hilal (hilalademhawa@gmail.com) gesendet.
[2026-02-17 11:18:52] Versende Einladung an: ahmadkhallo215@gmail.com
[2026-02-17 11:18:52] E-Mail erfolgreich an Ahmad (ahmadkhallo215@gmail.com) gesendet.
[2026-02-17 11:18:52] Versende Einladung an: wolf-peter.hoffmann@gmx.de
[2026-02-17 11:18:52] E-Mail erfolgreich an Wolf-Peter (wolf-peter.hoffmann@gmx.de) gesendet.
[2026-02-17 11:18:52] Versende Einladung an: junghanjens88@gmail.com
[2026-02-17 11:18:52] E-Mail erfolgreich an Jens (junghanjens88@gmail.com) gesendet.
[2026-02-17 11:18:52] Versende Einladung an: ledigmi@t-online.de
[2026-02-17 11:18:53] E-Mail erfolgreich an Mihaly (ledigmi@t-online.de) gesendet.
[2026-02-17 11:18:53] Versende Einladung an: mhamdih170@gmail.com
[2026-02-17 11:18:53] E-Mail erfolgreich an Mhamdi (mhamdih170@gmail.com) gesendet.
[2026-02-17 11:18:53] Versende Einladung an: safi.haleem@gmail.com
[2026-02-17 11:18:53] E-Mail erfolgreich an Abdul Haleem (safi.haleem@gmail.com) gesendet.
[2026-02-17 11:18:53] Versende Einladung an: hamid.qayumi@yahoo.com
[2026-02-17 11:18:53] E-Mail erfolgreich an Qayumi (hamid.qayumi@yahoo.com) gesendet.
[2026-02-17 11:18:53] Versende Einladung an: jakoubaraim@gmail.com
[2026-02-17 11:18:54] E-Mail erfolgreich an Yaqoob Dawood Abdulmalek (jakoubaraim@gmail.com) gesendet.
[2026-02-17 11:18:54] Versende Einladung an: bormannautopflege@web.de
[2026-02-17 11:18:54] E-Mail erfolgreich an Salahattin (bormannautopflege@web.de) gesendet.
[2026-02-17 11:18:54] Versende Einladung an: rewandalini@gmail.com
[2026-02-17 11:18:54] E-Mail erfolgreich an Rowan (rewandalini@gmail.com) gesendet.
[2026-02-17 11:18:54] Versende Einladung an: mohanadkhalifa8@gmail.com
[2026-02-17 11:18:54] E-Mail erfolgreich an Mohanad (mohanadkhalifa8@gmail.com) gesendet.
[2026-02-17 11:18:54] Versende Einladung an: Jafarim450@gmail.com
[2026-02-17 11:18:54] E-Mail erfolgreich an Amiri (Jafarim450@gmail.com) gesendet.
[2026-02-17 11:18:54] Versende Einladung an: abderachid01@hotmail.de
[2026-02-17 11:18:55] E-Mail erfolgreich an Abderachid (abderachid01@hotmail.de) gesendet.
[2026-02-17 11:18:55] Versende Einladung an: gjokaeduard9@gmail.com
[2026-02-17 11:18:55] E-Mail erfolgreich an Eduard (gjokaeduard9@gmail.com) gesendet.
[2026-02-17 11:45:14] Terminbestätigung an Salahattin (bormannautopflege@web.de) gesendet.
[2026-02-17 12:06:02] Terminbestätigung an Hilal (hilalademhawa@gmail.com) gesendet.
[2026-02-17 13:34:21] Terminbestätigung an Abderachid (abderachid01@hotmail.de) gesendet.
[2026-02-17 14:27:00] Terminbestätigung an Mohanad (mohanadkhalifa8@gmail.com) gesendet.
[2026-03-03 11:42:45] Versende Einladung an: mohammedsaba908@gmail.com
[2026-03-03 11:42:45] E-Mail erfolgreich an Mohammed (mohammedsaba908@gmail.com) gesendet.
[2026-03-03 11:42:45] Versende Einladung an: halilkonak@hotmail.de
[2026-03-03 11:42:45] E-Mail erfolgreich an Halil (halilkonak@hotmail.de) gesendet.
[2026-03-03 11:42:45] Versende Einladung an: azim77ghairat@gmail.com
[2026-03-03 11:42:45] E-Mail erfolgreich an Mohammad Azim (azim77ghairat@gmail.com) gesendet.
[2026-03-03 11:42:45] Versende Einladung an: rsk.1983.lpz@gmail.com
[2026-03-03 11:42:46] E-Mail erfolgreich an Rajwinder (rsk.1983.lpz@gmail.com) gesendet.
[2026-03-03 11:42:46] Versende Einladung an: yosifshabanalmohammad@gmail.com
[2026-03-03 11:42:46] E-Mail erfolgreich an yosif (yosifshabanalmohammad@gmail.com) gesendet.
[2026-03-03 11:42:46] Versende Einladung an: asif.chohdry@gmx.net
[2026-03-03 11:42:46] E-Mail erfolgreich an Asif Mehmood (asif.chohdry@gmx.net) gesendet.
[2026-03-03 11:42:46] Versende Einladung an: fahimalsalm@gmail.com
[2026-03-03 11:42:46] E-Mail erfolgreich an Fahim (fahimalsalm@gmail.com) gesendet.
[2026-03-03 11:42:46] Versende Einladung an: vitaliesagaidac1990@gmail.com
[2026-03-03 11:42:47] E-Mail erfolgreich an Vitalie (vitaliesagaidac1990@gmail.com) gesendet.
[2026-03-03 11:42:47] Versende Einladung an: singhgulab727@gmail.com
[2026-03-03 11:42:47] E-Mail erfolgreich an Singh (singhgulab727@gmail.com) gesendet.
[2026-03-03 11:42:47] Versende Einladung an: leipzig2b@gmail.com
[2026-03-03 11:42:47] E-Mail erfolgreich an Yousif (leipzig2b@gmail.com) gesendet.
[2026-03-03 11:42:47] Versende Einladung an: Khaled.afifi.az@gmail.com
[2026-03-03 11:42:47] E-Mail erfolgreich an KHALED (Khaled.afifi.az@gmail.com) gesendet.
[2026-03-03 11:42:47] Versende Einladung an: shivanperwer71@gmail.com
[2026-03-03 11:42:47] E-Mail erfolgreich an Shivan (shivanperwer71@gmail.com) gesendet.
[2026-03-03 11:42:47] Versende Einladung an: sajad.ibrahim1998@gmail.com
[2026-03-03 11:42:48] E-Mail erfolgreich an Taga allah (sajad.ibrahim1998@gmail.com) gesendet.
[2026-03-03 11:42:48] Versende Einladung an: darwin1993ahmed@gmail.com
[2026-03-03 11:42:48] E-Mail erfolgreich an Darwin (darwin1993ahmed@gmail.com) gesendet.
[2026-03-03 11:42:48] Versende Einladung an: naderhamadani8@gmail.com
[2026-03-03 11:42:48] E-Mail erfolgreich an Nader (naderhamadani8@gmail.com) gesendet.
[2026-03-03 11:42:48] Versende Einladung an: chandpk2015@gmail.com
[2026-03-03 11:42:48] E-Mail erfolgreich an Faisal (chandpk2015@gmail.com) gesendet.
[2026-03-03 11:42:48] Versende Einladung an: m.galad6@icloud.com
[2026-03-03 11:42:49] E-Mail erfolgreich an Mohamad (m.galad6@icloud.com) gesendet.
[2026-03-03 11:42:49] Versende Einladung an: alnasser.omar@icloud.com
[2026-03-03 11:42:49] E-Mail erfolgreich an Omar (alnasser.omar@icloud.com) gesendet.
[2026-03-03 11:42:49] Versende Einladung an: masodrazmgo@gmail.com
[2026-03-03 11:42:49] E-Mail erfolgreich an Masoud (masodrazmgo@gmail.com) gesendet.
[2026-03-03 11:42:49] Versende Einladung an: nosheenhaji@outlook.de
[2026-03-03 11:42:49] E-Mail erfolgreich an Hussein (nosheenhaji@outlook.de) gesendet.
[2026-03-03 11:42:49] Versende Einladung an: Hamidalidin@gmail.com
[2026-03-03 11:42:50] E-Mail erfolgreich an Hamid (Hamidalidin@gmail.com) gesendet.
[2026-03-03 11:42:50] Versende Einladung an: qomid1871@gmail.com
[2026-03-03 11:42:50] E-Mail erfolgreich an Aminullah (qomid1871@gmail.com) gesendet.
[2026-03-03 11:42:50] Versende Einladung an: abulniran0030@gmail.com
[2026-03-03 11:42:50] E-Mail erfolgreich an Abulniran (abulniran0030@gmail.com) gesendet.
[2026-03-03 11:42:50] Versende Einladung an: osama.leipzig@gmail.com
[2026-03-03 11:42:50] E-Mail erfolgreich an ‪Osama (osama.leipzig@gmail.com) gesendet.
[2026-03-03 11:42:50] Versende Einladung an: hirensolankibaps5@gmail.com
[2026-03-03 11:42:51] E-Mail erfolgreich an Hiren Kantilal (hirensolankibaps5@gmail.com) gesendet.
[2026-03-03 11:42:51] Versende Einladung an: amarbouriah38@gmail.com
[2026-03-03 11:42:51] E-Mail erfolgreich an Amar (amarbouriah38@gmail.com) gesendet.
[2026-03-03 11:42:51] Versende Einladung an: shourstan@outlook.de
[2026-03-03 11:42:51] E-Mail erfolgreich an Shourshfan (shourstan@outlook.de) gesendet.
[2026-03-03 11:42:51] Versende Einladung an: saifibrahim129@gmail.com
[2026-03-03 11:42:51] E-Mail erfolgreich an Ibrahim (saifibrahim129@gmail.com) gesendet.
[2026-03-03 11:42:51] Versende Einladung an: mahmudalnimer7@gmail.com
[2026-03-03 11:42:52] E-Mail erfolgreich an Mahmud (mahmudalnimer7@gmail.com) gesendet.
[2026-03-03 11:42:52] Versende Einladung an: ahmadalkfftan89@gmail.com
[2026-03-03 11:42:52] E-Mail erfolgreich an Ahmad (ahmadalkfftan89@gmail.com) gesendet.
[2026-03-03 11:42:52] Versende Einladung an: igor.wampula@live.at
[2026-03-03 11:42:52] E-Mail erfolgreich an Igor (igor.wampula@live.at) gesendet.
[2026-03-03 11:42:52] Versende Einladung an: issaj0386@gmail.com
[2026-03-03 11:42:52] E-Mail erfolgreich an Jamal (issaj0386@gmail.com) gesendet.
[2026-03-03 11:42:52] Versende Einladung an: nn729774@gmail.com
[2026-03-03 11:42:53] E-Mail erfolgreich an Mohamed Nour (nn729774@gmail.com) gesendet.
[2026-03-03 11:42:53] Versende Einladung an: Awais.afzal.leipzig@gmail.com
[2026-03-03 11:42:53] E-Mail erfolgreich an Awais (Awais.afzal.leipzig@gmail.com) gesendet.
[2026-03-03 11:42:53] Versende Einladung an: yamenofficial644@gmail.com
[2026-03-03 11:42:53] E-Mail erfolgreich an Yamen (yamenofficial644@gmail.com) gesendet.
[2026-03-03 11:42:53] Versende Einladung an: ahmedmhamid@icloud.con
[2026-03-03 11:42:53] E-Mail erfolgreich an Ahmed (ahmedmhamid@icloud.con) gesendet.
[2026-03-03 11:42:53] Versende Einladung an: mhamdih170@gmail.com
[2026-03-03 11:42:54] E-Mail erfolgreich an Mhamdi (mhamdih170@gmail.com) gesendet.
[2026-03-03 11:42:54] Versende Einladung an: hamid.qayumi@yahoo.com
[2026-03-03 11:42:54] E-Mail erfolgreich an Qayumi (hamid.qayumi@yahoo.com) gesendet.
[2026-03-03 11:42:54] Versende Einladung an: jakoubaraim@gmail.com
[2026-03-03 11:42:54] E-Mail erfolgreich an Yaqoob Dawood Abdulmalek (jakoubaraim@gmail.com) gesendet.
[2026-03-03 11:42:54] Versende Einladung an: rewandalini@gmail.com
[2026-03-03 11:42:54] E-Mail erfolgreich an Rowan (rewandalini@gmail.com) gesendet.
[2026-03-03 11:42:54] Versende Einladung an: Jafarim450@gmail.com
[2026-03-03 11:42:55] E-Mail erfolgreich an Amiri (Jafarim450@gmail.com) gesendet.
[2026-03-03 11:42:55] Versende Einladung an: abderachid01@hotmail.de
[2026-03-03 11:42:55] E-Mail erfolgreich an Abderachid (abderachid01@hotmail.de) gesendet.
[2026-03-03 11:42:55] Versende Einladung an: gjokaeduard9@gmail.com
[2026-03-03 11:42:55] E-Mail erfolgreich an Eduard (gjokaeduard9@gmail.com) gesendet.
[2026-03-03 11:42:55] Versende Einladung an: maherashkar31@gmail.com
[2026-03-03 11:42:56] E-Mail erfolgreich an Maher (maherashkar31@gmail.com) gesendet.
[2026-03-03 11:42:56] Versende Einladung an: Alkadar1989@gmail.com
[2026-03-03 11:42:56] E-Mail erfolgreich an Kadar (Alkadar1989@gmail.com) gesendet.
[2026-03-03 11:42:56] Versende Einladung an: muhibalhazzaa1@gmail.com
[2026-03-03 11:42:56] E-Mail erfolgreich an ‏Muhib (muhibalhazzaa1@gmail.com) gesendet.
[2026-03-03 11:42:56] Versende Einladung an: sebast.hoffmann@web.de
[2026-03-03 11:42:56] E-Mail erfolgreich an Sebastian (sebast.hoffmann@web.de) gesendet.
[2026-03-03 11:42:56] Versende Einladung an: ibrahemalkftan@gmail.com
[2026-03-03 11:42:57] E-Mail erfolgreich an Ibrahem (ibrahemalkftan@gmail.com) gesendet.
[2026-03-03 11:42:57] Versende Einladung an: tomasz.lisek8@gmail.com
[2026-03-03 11:42:57] E-Mail erfolgreich an Tomasz (tomasz.lisek8@gmail.com) gesendet.
[2026-03-03 11:42:57] Versende Einladung an: ahmadismailmustafa1998@gmail.com
[2026-03-03 11:42:57] E-Mail erfolgreich an Ahmad (ahmadismailmustafa1998@gmail.com) gesendet.
[2026-03-03 11:42:57] Versende Einladung an: emranqadir55@gmail.com
[2026-03-03 11:42:57] E-Mail erfolgreich an Emran (emranqadir55@gmail.com) gesendet.
[2026-03-03 11:42:57] Versende Einladung an: zoe_schueler@web.de
[2026-03-03 11:42:58] E-Mail erfolgreich an Zoe (zoe_schueler@web.de) gesendet.
[2026-03-03 11:42:58] Versende Einladung an: hakarsedeeq1993@outlook.de
[2026-03-03 11:42:58] E-Mail erfolgreich an Hakar (hakarsedeeq1993@outlook.de) gesendet.
[2026-03-03 12:01:11] Terminbestätigung an Ahmad (ahmadismailmustafa1998@gmail.com) gesendet.
[2026-03-03 12:01:15] Terminbestätigung an Ibrahem (ibrahemalkftan@gmail.com) gesendet.
[2026-03-03 12:05:37] Terminbestätigung an Kadar (Alkadar1989@gmail.com) gesendet.
[2026-03-03 12:05:39] Terminbestätigung an Kadar (Alkadar1989@gmail.com) gesendet.
[2026-03-03 12:05:39] Terminbestätigung an Kadar (Alkadar1989@gmail.com) gesendet.
[2026-03-03 12:11:50] Terminbestätigung an ‏Muhib (muhibalhazzaa1@gmail.com) gesendet.
[2026-03-03 12:14:51] Terminbestätigung an Qayumi (hamid.qayumi@yahoo.com) gesendet.
[2026-03-03 12:27:47] Terminbestätigung an Ibrahem (ibrahemalkftan@gmail.com) gesendet.
[2026-03-03 12:50:51] Terminbestätigung an Zoe (zoe_schueler@web.de) gesendet.
[2026-03-03 22:59:13] Terminbestätigung an Emran (emranqadir55@gmail.com) gesendet.
[2026-03-04 16:15:47] Terminbestätigung an Ahmad (ahmadismailmustafa1998@gmail.com) gesendet.
[2026-03-05 03:00:13] Terminbestätigung an Maher (maherashkar31@gmail.com) gesendet.
[2026-03-05 19:18:34] Terminbestätigung an Ahmad (ahmadismailmustafa1998@gmail.com) gesendet.
[2026-03-10 14:58:59] Terminbestätigung an Ahmad (ahmadismailmustafa1998@gmail.com) gesendet.
[2026-03-20 07:32:25] Versende Einladung an: mohammedsaba908@gmail.com
[2026-03-20 07:32:25] E-Mail erfolgreich an Mohammed (mohammedsaba908@gmail.com) gesendet.
[2026-03-20 07:32:25] Versende Einladung an: halilkonak@hotmail.de
[2026-03-20 07:32:25] E-Mail erfolgreich an Halil (halilkonak@hotmail.de) gesendet.
[2026-03-20 07:32:25] Versende Einladung an: azim77ghairat@gmail.com
[2026-03-20 07:32:25] E-Mail erfolgreich an Mohammad Azim (azim77ghairat@gmail.com) gesendet.
[2026-03-20 07:32:25] Versende Einladung an: rsk.1983.lpz@gmail.com
[2026-03-20 07:32:26] E-Mail erfolgreich an Rajwinder (rsk.1983.lpz@gmail.com) gesendet.
[2026-03-20 07:32:26] Versende Einladung an: yosifshabanalmohammad@gmail.com
[2026-03-20 07:32:26] E-Mail erfolgreich an yosif (yosifshabanalmohammad@gmail.com) gesendet.
[2026-03-20 07:32:26] Versende Einladung an: asif.chohdry@gmx.net
[2026-03-20 07:32:26] E-Mail erfolgreich an Asif Mehmood (asif.chohdry@gmx.net) gesendet.
[2026-03-20 07:32:26] Versende Einladung an: fahimalsalm@gmail.com
[2026-03-20 07:32:26] E-Mail erfolgreich an Fahim (fahimalsalm@gmail.com) gesendet.
[2026-03-20 07:32:26] Versende Einladung an: vitaliesagaidac1990@gmail.com
[2026-03-20 07:32:27] E-Mail erfolgreich an Vitalie (vitaliesagaidac1990@gmail.com) gesendet.
[2026-03-20 07:32:27] Versende Einladung an: singhgulab727@gmail.com
[2026-03-20 07:32:27] E-Mail erfolgreich an Singh (singhgulab727@gmail.com) gesendet.
[2026-03-20 07:32:27] Versende Einladung an: leipzig2b@gmail.com
[2026-03-20 07:32:27] E-Mail erfolgreich an Yousif (leipzig2b@gmail.com) gesendet.
[2026-03-20 07:32:27] Versende Einladung an: Khaled.afifi.az@gmail.com
[2026-03-20 07:32:27] E-Mail erfolgreich an KHALED (Khaled.afifi.az@gmail.com) gesendet.
[2026-03-20 07:32:27] Versende Einladung an: shivanperwer71@gmail.com
[2026-03-20 07:32:28] E-Mail erfolgreich an Shivan (shivanperwer71@gmail.com) gesendet.
[2026-03-20 07:32:28] Versende Einladung an: sajad.ibrahim1998@gmail.com
[2026-03-20 07:32:28] E-Mail erfolgreich an Taga allah (sajad.ibrahim1998@gmail.com) gesendet.
[2026-03-20 07:32:28] Versende Einladung an: darwin1993ahmed@gmail.com
[2026-03-20 07:32:28] E-Mail erfolgreich an Darwin (darwin1993ahmed@gmail.com) gesendet.
[2026-03-20 07:32:28] Versende Einladung an: naderhamadani8@gmail.com
[2026-03-20 07:32:28] E-Mail erfolgreich an Nader (naderhamadani8@gmail.com) gesendet.
[2026-03-20 07:32:28] Versende Einladung an: chandpk2015@gmail.com
[2026-03-20 07:32:29] E-Mail erfolgreich an Faisal (chandpk2015@gmail.com) gesendet.
[2026-03-20 07:32:29] Versende Einladung an: m.galad6@icloud.com
[2026-03-20 07:32:29] E-Mail erfolgreich an Mohamad (m.galad6@icloud.com) gesendet.
[2026-03-20 07:32:29] Versende Einladung an: alnasser.omar@icloud.com
[2026-03-20 07:32:29] E-Mail erfolgreich an Omar (alnasser.omar@icloud.com) gesendet.
[2026-03-20 07:32:29] Versende Einladung an: masodrazmgo@gmail.com
[2026-03-20 07:32:29] E-Mail erfolgreich an Masoud (masodrazmgo@gmail.com) gesendet.
[2026-03-20 07:32:29] Versende Einladung an: nosheenhaji@outlook.de
[2026-03-20 07:32:29] E-Mail erfolgreich an Hussein (nosheenhaji@outlook.de) gesendet.
[2026-03-20 07:32:29] Versende Einladung an: Hamidalidin@gmail.com
[2026-03-20 07:32:30] E-Mail erfolgreich an Hamid (Hamidalidin@gmail.com) gesendet.
[2026-03-20 07:32:30] Versende Einladung an: qomid1871@gmail.com
[2026-03-20 07:32:30] E-Mail erfolgreich an Aminullah (qomid1871@gmail.com) gesendet.
[2026-03-20 07:32:30] Versende Einladung an: abulniran0030@gmail.com
[2026-03-20 07:32:30] E-Mail erfolgreich an Abulniran (abulniran0030@gmail.com) gesendet.
[2026-03-20 07:32:30] Versende Einladung an: osama.leipzig@gmail.com
[2026-03-20 07:32:30] E-Mail erfolgreich an ‪Osama (osama.leipzig@gmail.com) gesendet.
[2026-03-20 07:32:30] Versende Einladung an: hirensolankibaps5@gmail.com
[2026-03-20 07:32:31] E-Mail erfolgreich an Hiren Kantilal (hirensolankibaps5@gmail.com) gesendet.
[2026-03-20 07:32:31] Versende Einladung an: amarbouriah38@gmail.com
[2026-03-20 07:32:31] E-Mail erfolgreich an Amar (amarbouriah38@gmail.com) gesendet.
[2026-03-20 07:32:31] Versende Einladung an: shourstan@outlook.de
[2026-03-20 07:32:31] E-Mail erfolgreich an Shourshfan (shourstan@outlook.de) gesendet.
[2026-03-20 07:32:31] Versende Einladung an: saifibrahim129@gmail.com
[2026-03-20 07:32:31] E-Mail erfolgreich an Ibrahim (saifibrahim129@gmail.com) gesendet.
[2026-03-20 07:32:31] Versende Einladung an: mahmudalnimer7@gmail.com
[2026-03-20 07:32:32] E-Mail erfolgreich an Mahmud (mahmudalnimer7@gmail.com) gesendet.
[2026-03-20 07:32:32] Versende Einladung an: ahmadalkfftan89@gmail.com
[2026-03-20 07:32:32] E-Mail erfolgreich an Ahmad (ahmadalkfftan89@gmail.com) gesendet.
[2026-03-20 07:32:32] Versende Einladung an: igor.wampula@live.at
[2026-03-20 07:32:32] E-Mail erfolgreich an Igor (igor.wampula@live.at) gesendet.
[2026-03-20 07:32:32] Versende Einladung an: issaj0386@gmail.com
[2026-03-20 07:32:32] E-Mail erfolgreich an Jamal (issaj0386@gmail.com) gesendet.
[2026-03-20 07:32:32] Versende Einladung an: nn729774@gmail.com
[2026-03-20 07:32:33] E-Mail erfolgreich an Mohamed Nour (nn729774@gmail.com) gesendet.
[2026-03-20 07:32:33] Versende Einladung an: Awais.afzal.leipzig@gmail.com
[2026-03-20 07:32:33] E-Mail erfolgreich an Awais (Awais.afzal.leipzig@gmail.com) gesendet.
[2026-03-20 07:32:33] Versende Einladung an: yamenofficial644@gmail.com
[2026-03-20 07:32:33] E-Mail erfolgreich an Yamen (yamenofficial644@gmail.com) gesendet.
[2026-03-20 07:32:33] Versende Einladung an: ahmedmhamid@icloud.com
[2026-03-20 07:32:33] E-Mail erfolgreich an Ahmed (ahmedmhamid@icloud.com) gesendet.
[2026-03-20 07:32:33] Versende Einladung an: mhamdih170@gmail.com
[2026-03-20 07:32:33] E-Mail erfolgreich an Mhamdi (mhamdih170@gmail.com) gesendet.
[2026-03-20 07:32:33] Versende Einladung an: hamid.qayumi@yahoo.com
[2026-03-20 07:32:34] E-Mail erfolgreich an Qayumi (hamid.qayumi@yahoo.com) gesendet.
[2026-03-20 07:32:34] Versende Einladung an: rewandalini@gmail.com
[2026-03-20 07:32:34] E-Mail erfolgreich an Rowan (rewandalini@gmail.com) gesendet.
[2026-03-20 07:32:34] Versende Einladung an: Jafarim450@gmail.com
[2026-03-20 07:32:34] E-Mail erfolgreich an Amiri (Jafarim450@gmail.com) gesendet.
[2026-03-20 07:32:34] Versende Einladung an: abderachid01@hotmail.de
[2026-03-20 07:32:34] E-Mail erfolgreich an Abderachid (abderachid01@hotmail.de) gesendet.
[2026-03-20 07:32:34] Versende Einladung an: gjokaeduard9@gmail.com
[2026-03-20 07:32:35] E-Mail erfolgreich an Eduard (gjokaeduard9@gmail.com) gesendet.
[2026-03-20 07:32:35] Versende Einladung an: maherashkar31@gmail.com
[2026-03-20 07:32:35] E-Mail erfolgreich an Maher (maherashkar31@gmail.com) gesendet.
[2026-03-20 07:32:35] Versende Einladung an: sebast.hoffmann@web.de
[2026-03-20 07:32:35] E-Mail erfolgreich an Sebastian (sebast.hoffmann@web.de) gesendet.
[2026-03-20 07:32:35] Versende Einladung an: tomasz.lisek8@gmail.com
[2026-03-20 07:32:35] E-Mail erfolgreich an Tomasz (tomasz.lisek8@gmail.com) gesendet.
[2026-03-20 07:32:35] Versende Einladung an: vebi96@outlook.de
[2026-03-20 07:32:35] E-Mail erfolgreich an Vebija (vebi96@outlook.de) gesendet.
[2026-03-20 07:32:35] Versende Einladung an: ahmadshahrahimi113@gmail.com
[2026-03-20 07:32:36] E-Mail erfolgreich an Ahmadshah (ahmadshahrahimi113@gmail.com) gesendet.
[2026-03-20 07:32:36] Versende Einladung an: aminullah1.qader@gmail.com
[2026-03-20 07:32:36] E-Mail erfolgreich an Aminullah (aminullah1.qader@gmail.com) gesendet.
[2026-03-20 07:32:36] Versende Einladung an: almafalani.mouaz@gmail.com
[2026-03-20 07:32:36] E-Mail erfolgreich an Mouaz (almafalani.mouaz@gmail.com) gesendet.
[2026-03-20 07:32:36] Versende Einladung an: alsardahi9@gmail.com
[2026-03-20 07:32:36] E-Mail erfolgreich an Shihab (alsardahi9@gmail.com) gesendet.
[2026-03-20 07:32:36] Versende Einladung an: mohamadodehg@gmail.com
[2026-03-20 07:32:37] E-Mail erfolgreich an Mohamad (mohamadodehg@gmail.com) gesendet.
[2026-03-20 07:33:02] Versende Einladung an: wessamjames04@gmail.com
[2026-03-20 07:33:02] E-Mail erfolgreich an Alageeli (wessamjames04@gmail.com) gesendet.
[2026-03-20 07:33:02] Versende Einladung an: mansourzahiri70@gmail.com
[2026-03-20 07:33:02] E-Mail erfolgreich an Mansour (mansourzahiri70@gmail.com) gesendet.
[2026-03-20 07:33:02] Versende Einladung an: hashemisaharifa@gmail.com
[2026-03-20 07:33:02] E-Mail erfolgreich an Hashmatullah (hashemisaharifa@gmail.com) gesendet.
[2026-03-20 07:33:02] Versende Einladung an: parmjit_dosanjh1965@yahoo.de
[2026-03-20 07:33:03] E-Mail erfolgreich an Parmjit Singh (parmjit_dosanjh1965@yahoo.de) gesendet.
[2026-03-20 07:33:03] Versende Einladung an: tabatabayia44@gmail.com
[2026-03-20 07:33:03] E-Mail erfolgreich an Ali (tabatabayia44@gmail.com) gesendet.
[2026-03-20 07:33:03] Versende Einladung an: wahedhas@yahoo.de
[2026-03-20 07:33:03] E-Mail erfolgreich an Abdulwahed (wahedhas@yahoo.de) gesendet.
[2026-03-20 07:33:03] Versende Einladung an: peemad21@gmail.com
[2026-03-20 07:33:03] E-Mail erfolgreich an Mehman (peemad21@gmail.com) gesendet.
[2026-03-20 07:33:03] Versende Einladung an: semoschumacher89.88@gmail.com
[2026-03-20 07:33:03] E-Mail erfolgreich an Sami (semoschumacher89.88@gmail.com) gesendet.
[2026-03-20 07:33:03] Versende Einladung an: merivanamg@icloud.com
[2026-03-20 07:33:04] E-Mail erfolgreich an Meriwan (merivanamg@icloud.com) gesendet.
[2026-03-20 07:33:04] Versende Einladung an: Firas123.123456789@gmail.com
[2026-03-20 07:33:04] E-Mail erfolgreich an Firas (Firas123.123456789@gmail.com) gesendet.
[2026-03-20 07:33:04] Versende Einladung an: shafi.temory2016@gmail.com
[2026-03-20 07:33:04] E-Mail erfolgreich an Shafi (shafi.temory2016@gmail.com) gesendet.
[2026-03-20 07:33:04] Versende Einladung an: snowrain674@gmail.com
[2026-03-20 07:33:04] E-Mail erfolgreich an Tayyab (snowrain674@gmail.com) gesendet.
[2026-03-20 07:33:04] Versende Einladung an: muath.bakleh@yahoo.com
[2026-03-20 07:33:05] E-Mail erfolgreich an Muath (muath.bakleh@yahoo.com) gesendet.
[2026-03-20 07:33:05] Versende Einladung an: mauricepetrick@web.de
[2026-03-20 07:33:05] E-Mail erfolgreich an Maurice-Lucien (mauricepetrick@web.de) gesendet.
[2026-03-20 07:33:05] Versende Einladung an: homayonesmaily777@gmail.com
[2026-03-20 07:33:05] E-Mail erfolgreich an Homayon (homayonesmaily777@gmail.com) gesendet.
[2026-03-20 07:33:05] Versende Einladung an: kamalzadafardin@gmail.com
[2026-03-20 07:33:05] E-Mail erfolgreich an Fardin (kamalzadafardin@gmail.com) gesendet.
[2026-03-20 07:33:05] Versende Einladung an: mustafaqadiri86@gmail.com
[2026-03-20 07:33:05] E-Mail erfolgreich an Mustafa (mustafaqadiri86@gmail.com) gesendet.
[2026-03-20 07:33:05] Versende Einladung an: romanniazai8@gmail.com
[2026-03-20 07:33:06] E-Mail erfolgreich an Roman (romanniazai8@gmail.com) gesendet.
[2026-03-20 07:33:06] Versende Einladung an: miloudbensakhria44@gmail.com
[2026-03-20 07:33:06] E-Mail erfolgreich an BENSAKHRIA (miloudbensakhria44@gmail.com) gesendet.
[2026-03-20 07:33:06] Versende Einladung an: ali-n24@hotmail.com
[2026-03-20 07:33:06] E-Mail erfolgreich an Ali (ali-n24@hotmail.com) gesendet.
[2026-03-20 07:33:06] Versende Einladung an: danielazadmanech2020@gmail.com
[2026-03-20 07:33:06] E-Mail erfolgreich an Daniyal (danielazadmanech2020@gmail.com) gesendet.
[2026-03-20 07:33:06] Versende Einladung an: hilalademhawa@gmail.com
[2026-03-20 07:33:07] E-Mail erfolgreich an Hilal (hilalademhawa@gmail.com) gesendet.
[2026-03-20 07:33:07] Versende Einladung an: a.kisser76@gmail.com
[2026-03-20 07:33:07] E-Mail erfolgreich an alexander (a.kisser76@gmail.com) gesendet.
[2026-03-20 07:33:07] Versende Einladung an: ahmadkhallo215@gmail.com
[2026-03-20 07:33:07] E-Mail erfolgreich an Ahmad (ahmadkhallo215@gmail.com) gesendet.
[2026-03-20 07:33:07] Versende Einladung an: wolf-peter.hoffmann@gmx.de
[2026-03-20 07:33:07] E-Mail erfolgreich an Wolf-Peter (wolf-peter.hoffmann@gmx.de) gesendet.
[2026-03-20 07:33:07] Versende Einladung an: junghanjens88@gmail.com
[2026-03-20 07:33:08] E-Mail erfolgreich an Jens (junghanjens88@gmail.com) gesendet.
[2026-03-20 07:33:08] Versende Einladung an: ledigmi@t-online.de
[2026-03-20 07:33:08] E-Mail erfolgreich an Mihaly (ledigmi@t-online.de) gesendet.
[2026-03-20 07:33:08] Versende Einladung an: jakoubaraim@gmail.com
[2026-03-20 07:33:08] E-Mail erfolgreich an Yaqoob Dawood Abdulmalek (jakoubaraim@gmail.com) gesendet.
[2026-03-20 07:33:08] Versende Einladung an: bormannautopflege@web.de
[2026-03-20 07:33:08] E-Mail erfolgreich an Salahattin (bormannautopflege@web.de) gesendet.
[2026-03-20 07:33:08] Versende Einladung an: mohanadkhalifa8@gmail.com
[2026-03-20 07:33:09] E-Mail erfolgreich an Mohanad (mohanadkhalifa8@gmail.com) gesendet.
[2026-03-20 07:33:09] Versende Einladung an: Alkadar1989@gmail.com
[2026-03-20 07:33:09] E-Mail erfolgreich an Kadar (Alkadar1989@gmail.com) gesendet.
[2026-03-20 07:33:09] Versende Einladung an: muhibalhazzaa1@gmail.com
[2026-03-20 07:33:09] E-Mail erfolgreich an ‏Muhib (muhibalhazzaa1@gmail.com) gesendet.
[2026-03-20 07:33:09] Versende Einladung an: ibrahemalkftan@gmail.com
[2026-03-20 07:33:09] E-Mail erfolgreich an Ibrahem (ibrahemalkftan@gmail.com) gesendet.
[2026-03-20 07:33:09] Versende Einladung an: ahmadismailmustafa1998@gmail.com
[2026-03-20 07:33:10] E-Mail erfolgreich an Ahmad (ahmadismailmustafa1998@gmail.com) gesendet.
[2026-03-20 07:33:10] Versende Einladung an: emranqadir55@gmail.com
[2026-03-20 07:33:10] E-Mail erfolgreich an Emran (emranqadir55@gmail.com) gesendet.
[2026-03-20 07:33:10] Versende Einladung an: zoe_schueler@web.de
[2026-03-20 07:33:10] E-Mail erfolgreich an Zoe (zoe_schueler@web.de) gesendet.
[2026-03-20 07:48:27] Terminbestätigung an Emran (emranqadir55@gmail.com) gesendet.
[2026-03-20 08:02:48] Terminbestätigung an Ibrahem (ibrahemalkftan@gmail.com) gesendet.
[2026-03-20 08:14:31] Terminbestätigung an Maher (maherashkar31@gmail.com) gesendet.
[2026-03-20 08:20:18] Terminbestätigung an Ahmad (ahmadismailmustafa1998@gmail.com) gesendet.
[2026-03-20 08:21:28] Terminbestätigung an Shafi (shafi.temory2016@gmail.com) gesendet.
[2026-03-20 08:24:00] Terminbestätigung an Mihaly (ledigmi@t-online.de) gesendet.
[2026-03-20 08:46:47] Terminbestätigung an Hashmatullah (hashemisaharifa@gmail.com) gesendet.
[2026-03-20 08:59:20] Terminbestätigung an Alageeli (wessamjames04@gmail.com) gesendet.
[2026-03-20 09:33:26] Terminbestätigung an Tayyab (snowrain674@gmail.com) gesendet.
[2026-03-20 11:34:26] Terminbestätigung an Vebija (vebi96@outlook.de) gesendet.
[2026-03-20 20:31:48] Terminbestätigung an Vebija (vebi96@outlook.de) gesendet.
[2026-03-22 04:45:46] Terminbestätigung an Mohamad (mohamadodehg@gmail.com) gesendet.
[2026-03-23 09:53:41] Terminbestätigung an Mohammad Azim (azim77ghairat@gmail.com) gesendet.
[2026-03-23 12:01:53] Terminbestätigung an Mohammad Azim (azim77ghairat@gmail.com) gesendet.
[2026-03-24 20:05:45] Terminbestätigung an Sebastian (sebast.hoffmann@web.de) gesendet.
[2026-03-24 20:05:57] Terminbestätigung an Sebastian (sebast.hoffmann@web.de) gesendet.
[2026-03-25 07:37:05] Terminbestätigung an Sebastian (sebast.hoffmann@web.de) gesendet.
[2026-03-26 17:42:50] Terminbestätigung an Ahmed (ahmedmhamid@icloud.com) gesendet.
[2026-03-26 17:43:05] Terminbestätigung an Ahmed (ahmedmhamid@icloud.com) gesendet.
[2026-04-08 10:14:32] Versende Einladung an: mohammedsaba908@gmail.com
[2026-04-08 10:14:33] E-Mail erfolgreich an Mohammed (mohammedsaba908@gmail.com) gesendet.
[2026-04-08 10:14:33] Versende Einladung an: halilkonak@hotmail.de
[2026-04-08 10:14:33] E-Mail erfolgreich an Halil (halilkonak@hotmail.de) gesendet.
[2026-04-08 10:14:33] Versende Einladung an: azim77ghairat@gmail.com
[2026-04-08 10:14:33] E-Mail erfolgreich an Mohammad Azim (azim77ghairat@gmail.com) gesendet.
[2026-04-08 10:14:33] Versende Einladung an: rsk.1983.lpz@gmail.com
[2026-04-08 10:14:33] E-Mail erfolgreich an Rajwinder (rsk.1983.lpz@gmail.com) gesendet.
[2026-04-08 10:14:33] Versende Einladung an: yosifshabanalmohammad@gmail.com
[2026-04-08 10:14:34] E-Mail erfolgreich an yosif (yosifshabanalmohammad@gmail.com) gesendet.
[2026-04-08 10:14:34] Versende Einladung an: asif.chohdry@gmx.net
[2026-04-08 10:14:34] E-Mail erfolgreich an Asif Mehmood (asif.chohdry@gmx.net) gesendet.
[2026-04-08 10:14:34] Versende Einladung an: fahimalsalm@gmail.com
[2026-04-08 10:14:34] E-Mail erfolgreich an Fahim (fahimalsalm@gmail.com) gesendet.
[2026-04-08 10:14:34] Versende Einladung an: vitaliesagaidac1990@gmail.com
[2026-04-08 10:14:34] E-Mail erfolgreich an Vitalie (vitaliesagaidac1990@gmail.com) gesendet.
[2026-04-08 10:14:34] Versende Einladung an: singhgulab727@gmail.com
[2026-04-08 10:14:34] E-Mail erfolgreich an Singh (singhgulab727@gmail.com) gesendet.
[2026-04-08 10:14:34] Versende Einladung an: leipzig2b@gmail.com
[2026-04-08 10:14:35] E-Mail erfolgreich an Yousif (leipzig2b@gmail.com) gesendet.
[2026-04-08 10:14:35] Versende Einladung an: Khaled.afifi.az@gmail.com
[2026-04-08 10:14:35] E-Mail erfolgreich an KHALED (Khaled.afifi.az@gmail.com) gesendet.
[2026-04-08 10:14:35] Versende Einladung an: shivanperwer71@gmail.com
[2026-04-08 10:14:35] E-Mail erfolgreich an Shivan (shivanperwer71@gmail.com) gesendet.
[2026-04-08 10:14:35] Versende Einladung an: sajad.ibrahim1998@gmail.com
[2026-04-08 10:14:35] E-Mail erfolgreich an Taga allah (sajad.ibrahim1998@gmail.com) gesendet.
[2026-04-08 10:14:35] Versende Einladung an: darwin1993ahmed@gmail.com
[2026-04-08 10:14:36] E-Mail erfolgreich an Darwin (darwin1993ahmed@gmail.com) gesendet.
[2026-04-08 10:14:36] Versende Einladung an: naderhamadani8@gmail.com
[2026-04-08 10:14:36] E-Mail erfolgreich an Nader (naderhamadani8@gmail.com) gesendet.
[2026-04-08 10:14:36] Versende Einladung an: chandpk2015@gmail.com
[2026-04-08 10:14:36] E-Mail erfolgreich an Faisal (chandpk2015@gmail.com) gesendet.
[2026-04-08 10:14:36] Versende Einladung an: m.galad6@icloud.com
[2026-04-08 10:14:36] E-Mail erfolgreich an Mohamad (m.galad6@icloud.com) gesendet.
[2026-04-08 10:14:36] Versende Einladung an: alnasser.omar@icloud.com
[2026-04-08 10:14:37] E-Mail erfolgreich an Omar (alnasser.omar@icloud.com) gesendet.
[2026-04-08 10:14:37] Versende Einladung an: masodrazmgo@gmail.com
[2026-04-08 10:14:37] E-Mail erfolgreich an Masoud (masodrazmgo@gmail.com) gesendet.
[2026-04-08 10:14:37] Versende Einladung an: nosheenhaji@outlook.de
[2026-04-08 10:14:37] E-Mail erfolgreich an Hussein (nosheenhaji@outlook.de) gesendet.
[2026-04-08 10:14:37] Versende Einladung an: Hamidalidin@gmail.com
[2026-04-08 10:14:37] E-Mail erfolgreich an Hamid (Hamidalidin@gmail.com) gesendet.
[2026-04-08 10:14:37] Versende Einladung an: qomid1871@gmail.com
[2026-04-08 10:14:38] E-Mail erfolgreich an Aminullah (qomid1871@gmail.com) gesendet.
[2026-04-08 10:14:38] Versende Einladung an: abulniran0030@gmail.com
[2026-04-08 10:14:38] E-Mail erfolgreich an Abulniran (abulniran0030@gmail.com) gesendet.
[2026-04-08 10:14:38] Versende Einladung an: osama.leipzig@gmail.com
[2026-04-08 10:14:38] E-Mail erfolgreich an ‪Osama (osama.leipzig@gmail.com) gesendet.
[2026-04-08 10:14:38] Versende Einladung an: hirensolankibaps5@gmail.com
[2026-04-08 10:14:38] E-Mail erfolgreich an Hiren Kantilal (hirensolankibaps5@gmail.com) gesendet.
[2026-04-08 10:14:38] Versende Einladung an: amarbouriah38@gmail.com
[2026-04-08 10:14:39] E-Mail erfolgreich an Amar (amarbouriah38@gmail.com) gesendet.
[2026-04-08 10:14:39] Versende Einladung an: shourstan@outlook.de
[2026-04-08 10:14:39] E-Mail erfolgreich an Shourshfan (shourstan@outlook.de) gesendet.
[2026-04-08 10:14:39] Versende Einladung an: saifibrahim129@gmail.com
[2026-04-08 10:14:39] E-Mail erfolgreich an Ibrahim (saifibrahim129@gmail.com) gesendet.
[2026-04-08 10:14:39] Versende Einladung an: mahmudalnimer7@gmail.com
[2026-04-08 10:14:40] E-Mail erfolgreich an Mahmud (mahmudalnimer7@gmail.com) gesendet.
[2026-04-08 10:14:40] Versende Einladung an: ahmadalkfftan89@gmail.com
[2026-04-08 10:14:40] E-Mail erfolgreich an Ahmad (ahmadalkfftan89@gmail.com) gesendet.
[2026-04-08 10:14:40] Versende Einladung an: igor.wampula@live.at
[2026-04-08 10:14:40] E-Mail erfolgreich an Igor (igor.wampula@live.at) gesendet.
[2026-04-08 10:14:40] Versende Einladung an: issaj0386@gmail.com
[2026-04-08 10:14:40] E-Mail erfolgreich an Jamal (issaj0386@gmail.com) gesendet.
[2026-04-08 10:14:40] Versende Einladung an: nn729774@gmail.com
[2026-04-08 10:14:41] E-Mail erfolgreich an Mohamed Nour (nn729774@gmail.com) gesendet.
[2026-04-08 10:14:41] Versende Einladung an: Awais.afzal.leipzig@gmail.com
[2026-04-08 10:14:41] E-Mail erfolgreich an Awais (Awais.afzal.leipzig@gmail.com) gesendet.
[2026-04-08 10:14:41] Versende Einladung an: yamenofficial644@gmail.com
[2026-04-08 10:14:41] E-Mail erfolgreich an Yamen (yamenofficial644@gmail.com) gesendet.
[2026-04-08 10:14:41] Versende Einladung an: ahmedmhamid@icloud.com
[2026-04-08 10:14:41] E-Mail erfolgreich an Ahmed (ahmedmhamid@icloud.com) gesendet.
[2026-04-08 10:14:41] Versende Einladung an: mhamdih170@gmail.com
[2026-04-08 10:14:41] E-Mail erfolgreich an Mhamdi (mhamdih170@gmail.com) gesendet.
[2026-04-08 10:14:41] Versende Einladung an: hamid.qayumi@yahoo.com
[2026-04-08 10:14:42] E-Mail erfolgreich an Qayumi (hamid.qayumi@yahoo.com) gesendet.
[2026-04-08 10:14:42] Versende Einladung an: rewandalini@gmail.com
[2026-04-08 10:14:42] E-Mail erfolgreich an Rowan (rewandalini@gmail.com) gesendet.
[2026-04-08 10:14:42] Versende Einladung an: Jafarim450@gmail.com
[2026-04-08 10:14:42] E-Mail erfolgreich an Amiri (Jafarim450@gmail.com) gesendet.
[2026-04-08 10:14:42] Versende Einladung an: abderachid01@hotmail.de
[2026-04-08 10:14:42] E-Mail erfolgreich an Abderachid (abderachid01@hotmail.de) gesendet.
[2026-04-08 10:14:42] Versende Einladung an: gjokaeduard9@gmail.com
[2026-04-08 10:14:43] E-Mail erfolgreich an Eduard (gjokaeduard9@gmail.com) gesendet.
[2026-04-08 10:14:43] Versende Einladung an: tomasz.lisek8@gmail.com
[2026-04-08 10:14:43] E-Mail erfolgreich an Tomasz (tomasz.lisek8@gmail.com) gesendet.
[2026-04-08 10:14:43] Versende Einladung an: vebi96@outlook.de
[2026-04-08 10:14:43] E-Mail erfolgreich an Vebija (vebi96@outlook.de) gesendet.
[2026-04-08 10:14:43] Versende Einladung an: ahmadshahrahimi113@gmail.com
[2026-04-08 10:14:43] E-Mail erfolgreich an Ahmadshah (ahmadshahrahimi113@gmail.com) gesendet.
[2026-04-08 10:14:43] Versende Einladung an: aminullah1.qader@gmail.com
[2026-04-08 10:14:44] E-Mail erfolgreich an Aminullah (aminullah1.qader@gmail.com) gesendet.
[2026-04-08 10:14:44] Versende Einladung an: almafalani.mouaz@gmail.com
[2026-04-08 10:14:44] E-Mail erfolgreich an Mouaz (almafalani.mouaz@gmail.com) gesendet.
[2026-04-08 10:14:44] Versende Einladung an: alsardahi9@gmail.com
[2026-04-08 10:14:44] E-Mail erfolgreich an Shihab (alsardahi9@gmail.com) gesendet.
[2026-04-08 10:14:44] Versende Einladung an: alialmango40@gmail.com
[2026-04-08 10:14:44] E-Mail erfolgreich an Ali (alialmango40@gmail.com) gesendet.
[2026-04-08 10:14:44] Versende Einladung an: yassenhemedi1@gmail.com
[2026-04-08 10:14:45] E-Mail erfolgreich an Yasin (yassenhemedi1@gmail.com) gesendet.
[2026-04-08 10:14:45] Versende Einladung an: Batalmustafa92@gmail.com
[2026-04-08 10:14:45] E-Mail erfolgreich an Mustafa (Batalmustafa92@gmail.com) gesendet.
[2026-04-08 10:14:45] Versende Einladung an: B.batalmustafa@gmail.com
[2026-04-08 10:14:45] E-Mail erfolgreich an Mustafa (B.batalmustafa@gmail.com) gesendet.
[2026-04-08 10:14:45] Versende Einladung an: mohamad.almohamad377@gmail.com
[2026-04-08 10:14:45] E-Mail erfolgreich an Mohamad (mohamad.almohamad377@gmail.com) gesendet.
[2026-04-08 10:14:45] Versende Einladung an: nadernaimi1990@gmail.com
[2026-04-08 10:14:45] E-Mail erfolgreich an Said Mohammad Nader (nadernaimi1990@gmail.com) gesendet.
[2026-04-08 10:14:45] Versende Einladung an: kassemalmohammad313@gmail.com
[2026-04-08 10:14:46] E-Mail erfolgreich an Kassem (kassemalmohammad313@gmail.com) gesendet.
[2026-04-08 10:14:46] Versende Einladung an: kekhyathaer@gmail.com
[2026-04-08 10:14:46] E-Mail erfolgreich an Thaer (kekhyathaer@gmail.com) gesendet.
[2026-04-08 10:14:46] Versende Einladung an: othaman87007@gmail.com
[2026-04-08 10:14:46] E-Mail erfolgreich an Othman (othaman87007@gmail.com) gesendet.
[2026-04-08 10:14:53] Versende Einladung an: mansourzahiri70@gmail.com
[2026-04-08 10:14:53] E-Mail erfolgreich an Mansour (mansourzahiri70@gmail.com) gesendet.
[2026-04-08 10:14:53] Versende Einladung an: parmjit_dosanjh1965@yahoo.de
[2026-04-08 10:14:53] E-Mail erfolgreich an Parmjit Singh (parmjit_dosanjh1965@yahoo.de) gesendet.
[2026-04-08 10:14:53] Versende Einladung an: tabatabayia44@gmail.com
[2026-04-08 10:14:53] E-Mail erfolgreich an Ali (tabatabayia44@gmail.com) gesendet.
[2026-04-08 10:14:53] Versende Einladung an: wahedhas@yahoo.de
[2026-04-08 10:14:54] E-Mail erfolgreich an Abdulwahed (wahedhas@yahoo.de) gesendet.
[2026-04-08 10:14:54] Versende Einladung an: peemad21@gmail.com
[2026-04-08 10:14:54] E-Mail erfolgreich an Mehman (peemad21@gmail.com) gesendet.
[2026-04-08 10:14:54] Versende Einladung an: semoschumacher89.88@gmail.com
[2026-04-08 10:14:54] E-Mail erfolgreich an Sami (semoschumacher89.88@gmail.com) gesendet.
[2026-04-08 10:14:54] Versende Einladung an: merivanamg@icloud.com
[2026-04-08 10:14:54] E-Mail erfolgreich an Meriwan (merivanamg@icloud.com) gesendet.
[2026-04-08 10:14:54] Versende Einladung an: Firas123.123456789@gmail.com
[2026-04-08 10:14:55] E-Mail erfolgreich an Firas (Firas123.123456789@gmail.com) gesendet.
[2026-04-08 10:14:55] Versende Einladung an: shafi.temory2016@gmail.com
[2026-04-08 10:14:55] E-Mail erfolgreich an Shafi (shafi.temory2016@gmail.com) gesendet.
[2026-04-08 10:14:55] Versende Einladung an: muath.bakleh@yahoo.com
[2026-04-08 10:14:55] E-Mail erfolgreich an Muath (muath.bakleh@yahoo.com) gesendet.
[2026-04-08 10:14:55] Versende Einladung an: mauricepetrick@web.de
[2026-04-08 10:14:55] E-Mail erfolgreich an Maurice-Lucien (mauricepetrick@web.de) gesendet.
[2026-04-08 10:14:55] Versende Einladung an: homayonesmaily777@gmail.com
[2026-04-08 10:14:56] E-Mail erfolgreich an Homayon (homayonesmaily777@gmail.com) gesendet.
[2026-04-08 10:14:56] Versende Einladung an: kamalzadafardin@gmail.com
[2026-04-08 10:14:56] E-Mail erfolgreich an Fardin (kamalzadafardin@gmail.com) gesendet.
[2026-04-08 10:14:56] Versende Einladung an: mustafaqadiri86@gmail.com
[2026-04-08 10:14:56] E-Mail erfolgreich an Mustafa (mustafaqadiri86@gmail.com) gesendet.
[2026-04-08 10:14:56] Versende Einladung an: romanniazai8@gmail.com
[2026-04-08 10:14:56] E-Mail erfolgreich an Roman (romanniazai8@gmail.com) gesendet.
[2026-04-08 10:14:56] Versende Einladung an: miloudbensakhria44@gmail.com
[2026-04-08 10:14:57] E-Mail erfolgreich an BENSAKHRIA (miloudbensakhria44@gmail.com) gesendet.
[2026-04-08 10:14:57] Versende Einladung an: ali-n24@hotmail.com
[2026-04-08 10:14:57] E-Mail erfolgreich an Ali (ali-n24@hotmail.com) gesendet.
[2026-04-08 10:14:57] Versende Einladung an: danielazadmanech2020@gmail.com
[2026-04-08 10:14:57] E-Mail erfolgreich an Daniyal (danielazadmanech2020@gmail.com) gesendet.
[2026-04-08 10:14:57] Versende Einladung an: hilalademhawa@gmail.com
[2026-04-08 10:14:57] E-Mail erfolgreich an Hilal (hilalademhawa@gmail.com) gesendet.
[2026-04-08 10:14:57] Versende Einladung an: a.kisser76@gmail.com
[2026-04-08 10:14:57] E-Mail erfolgreich an alexander (a.kisser76@gmail.com) gesendet.
[2026-04-08 10:14:57] Versende Einladung an: ahmadkhallo215@gmail.com
[2026-04-08 10:14:58] E-Mail erfolgreich an Ahmad (ahmadkhallo215@gmail.com) gesendet.
[2026-04-08 10:14:58] Versende Einladung an: wolf-peter.hoffmann@gmx.de
[2026-04-08 10:14:58] E-Mail erfolgreich an Wolf-Peter (wolf-peter.hoffmann@gmx.de) gesendet.
[2026-04-08 10:14:58] Versende Einladung an: junghanjens88@gmail.com
[2026-04-08 10:14:58] E-Mail erfolgreich an Jens (junghanjens88@gmail.com) gesendet.
[2026-04-08 10:14:58] Versende Einladung an: jakoubaraim@gmail.com
[2026-04-08 10:14:58] E-Mail erfolgreich an Yaqoob Dawood Abdulmalek (jakoubaraim@gmail.com) gesendet.
[2026-04-08 10:14:58] Versende Einladung an: bormannautopflege@web.de
[2026-04-08 10:14:59] E-Mail erfolgreich an Salahattin (bormannautopflege@web.de) gesendet.
[2026-04-08 10:14:59] Versende Einladung an: mohanadkhalifa8@gmail.com
[2026-04-08 10:14:59] E-Mail erfolgreich an Mohanad (mohanadkhalifa8@gmail.com) gesendet.
[2026-04-08 10:14:59] Versende Einladung an: maherashkar31@gmail.com
[2026-04-08 10:14:59] E-Mail erfolgreich an Maher (maherashkar31@gmail.com) gesendet.
[2026-04-08 10:14:59] Versende Einladung an: Alkadar1989@gmail.com
[2026-04-08 10:14:59] E-Mail erfolgreich an Kadar (Alkadar1989@gmail.com) gesendet.
[2026-04-08 10:14:59] Versende Einladung an: muhibalhazzaa1@gmail.com
[2026-04-08 10:15:00] E-Mail erfolgreich an ‏Muhib (muhibalhazzaa1@gmail.com) gesendet.
[2026-04-08 10:15:00] Versende Einladung an: sebast.hoffmann@web.de
[2026-04-08 10:15:00] E-Mail erfolgreich an Sebastian (sebast.hoffmann@web.de) gesendet.
[2026-04-08 10:15:00] Versende Einladung an: ahmadismailmustafa1998@gmail.com
[2026-04-08 10:15:00] E-Mail erfolgreich an Ahmad (ahmadismailmustafa1998@gmail.com) gesendet.
[2026-04-08 10:15:00] Versende Einladung an: zoe_schueler@web.de
[2026-04-08 10:15:00] E-Mail erfolgreich an Zoe (zoe_schueler@web.de) gesendet.
[2026-04-08 10:15:00] Versende Einladung an: mohamadodehg@gmail.com
[2026-04-08 10:15:00] E-Mail erfolgreich an Mohamad (mohamadodehg@gmail.com) gesendet.
[2026-04-08 10:15:28] Terminbestätigung an Muath (muath.bakleh@yahoo.com) gesendet.
[2026-04-08 10:21:41] Terminbestätigung an Yasin (yassenhemedi1@gmail.com) gesendet.
[2026-04-08 10:23:33] Terminbestätigung an Zoe (zoe_schueler@web.de) gesendet.
[2026-04-08 10:25:03] Terminbestätigung an Shafi (shafi.temory2016@gmail.com) gesendet.
[2026-04-08 10:26:55] Terminbestätigung an Kadar (Alkadar1989@gmail.com) gesendet.
[2026-04-08 10:37:22] Terminbestätigung an Ahmed (ahmedmhamid@icloud.com) gesendet.
[2026-04-08 10:46:58] Terminbestätigung an ‪Osama (osama.leipzig@gmail.com) gesendet.
[2026-04-08 10:57:42] Terminbestätigung an Ahmad (ahmadkhallo215@gmail.com) gesendet.
[2026-04-08 11:02:50] Terminbestätigung an Hilal (hilalademhawa@gmail.com) gesendet.
[2026-04-08 11:06:19] Terminbestätigung an BENSAKHRIA (miloudbensakhria44@gmail.com) gesendet.
[2026-04-08 11:11:20] Terminbestätigung an Homayon (homayonesmaily777@gmail.com) gesendet.
[2026-04-08 11:21:50] Terminbestätigung an Mustafa (Batalmustafa92@gmail.com) gesendet.
[2026-04-08 12:07:29] Terminbestätigung an Mohamad (mohamad.almohamad377@gmail.com) gesendet.
[2026-04-08 12:17:18] Terminbestätigung an Kadar (Alkadar1989@gmail.com) gesendet.
[2026-04-08 20:17:42] Terminbestätigung an Amiri (Jafarim450@gmail.com) gesendet.
[2026-04-08 22:28:03] Terminbestätigung an Thaer (kekhyathaer@gmail.com) gesendet.
[2026-04-09 09:04:00] Terminbestätigung an Thaer (kekhyathaer@gmail.com) gesendet.
[2026-04-09 17:50:56] Terminbestätigung an Said Mohammad Nader (nadernaimi1990@gmail.com) gesendet.
[2026-04-13 12:19:16] Terminbestätigung an Ahmadshah (ahmadshahrahimi113@gmail.com) gesendet.
[2026-04-13 13:45:32] Terminbestätigung an Mohammad Azim (azim77ghairat@gmail.com) gesendet.
[2026-04-14 10:04:47] Terminbestätigung an Vebija (vebi96@outlook.de) gesendet.
[2026-04-14 11:19:19] Versende Einladung an: mohammedsaba908@gmail.com
[2026-04-14 11:19:20] E-Mail erfolgreich an Mohammed (mohammedsaba908@gmail.com) gesendet.
[2026-04-14 11:19:20] Versende Einladung an: halilkonak@hotmail.de
[2026-04-14 11:19:20] E-Mail erfolgreich an Halil (halilkonak@hotmail.de) gesendet.
[2026-04-14 11:19:20] Versende Einladung an: azim77ghairat@gmail.com
[2026-04-14 11:19:20] E-Mail erfolgreich an Mohammad Azim (azim77ghairat@gmail.com) gesendet.
[2026-04-14 11:19:20] Versende Einladung an: rsk.1983.lpz@gmail.com
[2026-04-14 11:19:20] E-Mail erfolgreich an Rajwinder (rsk.1983.lpz@gmail.com) gesendet.
[2026-04-14 11:19:20] Versende Einladung an: yosifshabanalmohammad@gmail.com
[2026-04-14 11:19:20] E-Mail erfolgreich an yosif (yosifshabanalmohammad@gmail.com) gesendet.
[2026-04-14 11:19:20] Versende Einladung an: asif.chohdry@gmx.net
[2026-04-14 11:19:21] E-Mail erfolgreich an Asif Mehmood (asif.chohdry@gmx.net) gesendet.
[2026-04-14 11:19:21] Versende Einladung an: fahimalsalm@gmail.com
[2026-04-14 11:19:21] E-Mail erfolgreich an Fahim (fahimalsalm@gmail.com) gesendet.
[2026-04-14 11:19:21] Versende Einladung an: vitaliesagaidac1990@gmail.com
[2026-04-14 11:19:21] E-Mail erfolgreich an Vitalie (vitaliesagaidac1990@gmail.com) gesendet.
[2026-04-14 11:19:21] Versende Einladung an: singhgulab727@gmail.com
[2026-04-14 11:19:21] E-Mail erfolgreich an Singh (singhgulab727@gmail.com) gesendet.
[2026-04-14 11:19:21] Versende Einladung an: leipzig2b@gmail.com
[2026-04-14 11:19:22] E-Mail erfolgreich an Yousif (leipzig2b@gmail.com) gesendet.
[2026-04-14 11:19:22] Versende Einladung an: Khaled.afifi.az@gmail.com
[2026-04-14 11:19:22] E-Mail erfolgreich an KHALED (Khaled.afifi.az@gmail.com) gesendet.
[2026-04-14 11:19:22] Versende Einladung an: shivanperwer71@gmail.com
[2026-04-14 11:19:22] E-Mail erfolgreich an Shivan (shivanperwer71@gmail.com) gesendet.
[2026-04-14 11:19:22] Versende Einladung an: sajad.ibrahim1998@gmail.com
[2026-04-14 11:19:22] E-Mail erfolgreich an Taga allah (sajad.ibrahim1998@gmail.com) gesendet.
[2026-04-14 11:19:22] Versende Einladung an: darwin1993ahmed@gmail.com
[2026-04-14 11:19:23] E-Mail erfolgreich an Darwin (darwin1993ahmed@gmail.com) gesendet.
[2026-04-14 11:19:23] Versende Einladung an: naderhamadani8@gmail.com
[2026-04-14 11:19:23] E-Mail erfolgreich an Nader (naderhamadani8@gmail.com) gesendet.
[2026-04-14 11:19:23] Versende Einladung an: chandpk2015@gmail.com
[2026-04-14 11:19:23] E-Mail erfolgreich an Faisal (chandpk2015@gmail.com) gesendet.
[2026-04-14 11:19:23] Versende Einladung an: m.galad6@icloud.com
[2026-04-14 11:19:23] E-Mail erfolgreich an Mohamad (m.galad6@icloud.com) gesendet.
[2026-04-14 11:19:23] Versende Einladung an: alnasser.omar@icloud.com
[2026-04-14 11:19:23] E-Mail erfolgreich an Omar (alnasser.omar@icloud.com) gesendet.
[2026-04-14 11:19:23] Versende Einladung an: masodrazmgo@gmail.com
[2026-04-14 11:19:24] E-Mail erfolgreich an Masoud (masodrazmgo@gmail.com) gesendet.
[2026-04-14 11:19:24] Versende Einladung an: nosheenhaji@outlook.de
[2026-04-14 11:19:24] E-Mail erfolgreich an Hussein (nosheenhaji@outlook.de) gesendet.
[2026-04-14 11:19:24] Versende Einladung an: Hamidalidin@gmail.com
[2026-04-14 11:19:24] E-Mail erfolgreich an Hamid (Hamidalidin@gmail.com) gesendet.
[2026-04-14 11:19:24] Versende Einladung an: qomid1871@gmail.com
[2026-04-14 11:19:24] E-Mail erfolgreich an Aminullah (qomid1871@gmail.com) gesendet.
[2026-04-14 11:19:24] Versende Einladung an: abulniran0030@gmail.com
[2026-04-14 11:19:25] E-Mail erfolgreich an Abulniran (abulniran0030@gmail.com) gesendet.
[2026-04-14 11:19:25] Versende Einladung an: osama.leipzig@gmail.com
[2026-04-14 11:19:25] E-Mail erfolgreich an ‪Osama (osama.leipzig@gmail.com) gesendet.
[2026-04-14 11:19:25] Versende Einladung an: hirensolankibaps5@gmail.com
[2026-04-14 11:19:25] E-Mail erfolgreich an Hiren Kantilal (hirensolankibaps5@gmail.com) gesendet.
[2026-04-14 11:19:25] Versende Einladung an: amarbouriah38@gmail.com
[2026-04-14 11:19:25] E-Mail erfolgreich an Amar (amarbouriah38@gmail.com) gesendet.
[2026-04-14 11:19:25] Versende Einladung an: shourstan@outlook.de
[2026-04-14 11:19:26] E-Mail erfolgreich an Shourshfan (shourstan@outlook.de) gesendet.
[2026-04-14 11:19:26] Versende Einladung an: saifibrahim129@gmail.com
[2026-04-14 11:19:26] E-Mail erfolgreich an Ibrahim (saifibrahim129@gmail.com) gesendet.
[2026-04-14 11:19:26] Versende Einladung an: mahmudalnimer7@gmail.com
[2026-04-14 11:19:26] E-Mail erfolgreich an Mahmud (mahmudalnimer7@gmail.com) gesendet.
[2026-04-14 11:19:26] Versende Einladung an: ahmadalkfftan89@gmail.com
[2026-04-14 11:19:26] E-Mail erfolgreich an Ahmad (ahmadalkfftan89@gmail.com) gesendet.
[2026-04-14 11:19:26] Versende Einladung an: igor.wampula@live.at
[2026-04-14 11:19:26] E-Mail erfolgreich an Igor (igor.wampula@live.at) gesendet.
[2026-04-14 11:19:26] Versende Einladung an: issaj0386@gmail.com
[2026-04-14 11:19:27] E-Mail erfolgreich an Jamal (issaj0386@gmail.com) gesendet.
[2026-04-14 11:19:27] Versende Einladung an: nn729774@gmail.com
[2026-04-14 11:19:27] E-Mail erfolgreich an Mohamed Nour (nn729774@gmail.com) gesendet.
[2026-04-14 11:19:27] Versende Einladung an: Awais.afzal.leipzig@gmail.com
[2026-04-14 11:19:27] E-Mail erfolgreich an Awais (Awais.afzal.leipzig@gmail.com) gesendet.
[2026-04-14 11:19:27] Versende Einladung an: yamenofficial644@gmail.com
[2026-04-14 11:19:27] E-Mail erfolgreich an Yamen (yamenofficial644@gmail.com) gesendet.
[2026-04-14 11:19:27] Versende Einladung an: ahmedmhamid@icloud.com
[2026-04-14 11:19:28] E-Mail erfolgreich an Ahmed (ahmedmhamid@icloud.com) gesendet.
[2026-04-14 11:19:28] Versende Einladung an: mhamdih170@gmail.com
[2026-04-14 11:19:28] E-Mail erfolgreich an Mhamdi (mhamdih170@gmail.com) gesendet.
[2026-04-14 11:19:28] Versende Einladung an: hamid.qayumi@yahoo.com
[2026-04-14 11:19:28] E-Mail erfolgreich an Qayumi (hamid.qayumi@yahoo.com) gesendet.
[2026-04-14 11:19:28] Versende Einladung an: rewandalini@gmail.com
[2026-04-14 11:19:28] E-Mail erfolgreich an Rowan (rewandalini@gmail.com) gesendet.
[2026-04-14 11:19:28] Versende Einladung an: Jafarim450@gmail.com
[2026-04-14 11:19:28] E-Mail erfolgreich an Amiri (Jafarim450@gmail.com) gesendet.
[2026-04-14 11:19:28] Versende Einladung an: abderachid01@hotmail.de
[2026-04-14 11:19:29] E-Mail erfolgreich an Abderachid (abderachid01@hotmail.de) gesendet.
[2026-04-14 11:19:29] Versende Einladung an: gjokaeduard9@gmail.com
[2026-04-14 11:19:29] E-Mail erfolgreich an Eduard (gjokaeduard9@gmail.com) gesendet.
[2026-04-14 11:19:29] Versende Einladung an: tomasz.lisek8@gmail.com
[2026-04-14 11:19:29] E-Mail erfolgreich an Tomasz (tomasz.lisek8@gmail.com) gesendet.
[2026-04-14 11:19:29] Versende Einladung an: vebi96@outlook.de
[2026-04-14 11:19:29] E-Mail erfolgreich an Vebija (vebi96@outlook.de) gesendet.
[2026-04-14 11:19:29] Versende Einladung an: ahmadshahrahimi113@gmail.com
[2026-04-14 11:19:29] E-Mail erfolgreich an Ahmadshah (ahmadshahrahimi113@gmail.com) gesendet.
[2026-04-14 11:19:29] Versende Einladung an: aminullah1.qader@gmail.com
[2026-04-14 11:19:30] E-Mail erfolgreich an Aminullah (aminullah1.qader@gmail.com) gesendet.
[2026-04-14 11:19:30] Versende Einladung an: almafalani.mouaz@gmail.com
[2026-04-14 11:19:30] E-Mail erfolgreich an Mouaz (almafalani.mouaz@gmail.com) gesendet.
[2026-04-14 11:19:30] Versende Einladung an: alsardahi9@gmail.com
[2026-04-14 11:19:30] E-Mail erfolgreich an Shihab (alsardahi9@gmail.com) gesendet.
[2026-04-14 11:19:30] Versende Einladung an: alialmango40@gmail.com
[2026-04-14 11:19:30] E-Mail erfolgreich an Ali (alialmango40@gmail.com) gesendet.
[2026-04-14 11:19:30] Versende Einladung an: yassenhemedi1@gmail.com
[2026-04-14 11:19:31] E-Mail erfolgreich an Yasin (yassenhemedi1@gmail.com) gesendet.
[2026-04-14 11:19:31] Versende Einladung an: Batalmustafa92@gmail.com
[2026-04-14 11:19:31] E-Mail erfolgreich an Mustafa (Batalmustafa92@gmail.com) gesendet.
[2026-04-14 11:19:31] Versende Einladung an: B.batalmustafa@gmail.com
[2026-04-14 11:19:31] E-Mail erfolgreich an Mustafa (B.batalmustafa@gmail.com) gesendet.
[2026-04-14 11:19:31] Versende Einladung an: mohamad.almohamad377@gmail.com
[2026-04-14 11:19:31] E-Mail erfolgreich an Mohamad (mohamad.almohamad377@gmail.com) gesendet.
[2026-04-14 11:19:31] Versende Einladung an: nadernaimi1990@gmail.com
[2026-04-14 11:19:31] E-Mail erfolgreich an Said Mohammad Nader (nadernaimi1990@gmail.com) gesendet.
[2026-04-14 11:19:31] Versende Einladung an: kassemalmohammad313@gmail.com
[2026-04-14 11:19:32] E-Mail erfolgreich an Kassem (kassemalmohammad313@gmail.com) gesendet.
[2026-04-14 11:19:32] Versende Einladung an: kekhyathaer@gmail.com
[2026-04-14 11:19:32] E-Mail erfolgreich an Thaer (kekhyathaer@gmail.com) gesendet.
[2026-04-14 11:19:32] Versende Einladung an: othaman87007@gmail.com
[2026-04-14 11:19:32] E-Mail erfolgreich an Othman (othaman87007@gmail.com) gesendet.
[2026-04-14 11:19:32] Versende Einladung an: mansour1980@gmail.com
[2026-04-14 11:19:32] E-Mail erfolgreich an Mansour (mansour1980@gmail.com) gesendet.
[2026-04-14 11:19:32] Versende Einladung an: mahersoltani35@gmail.com
[2026-04-14 11:19:33] E-Mail erfolgreich an Maher (mahersoltani35@gmail.com) gesendet.
[2026-04-14 11:19:33] Versende Einladung an: ihingora@gmail.com
[2026-04-14 11:19:33] E-Mail erfolgreich an Imran (ihingora@gmail.com) gesendet.
[2026-04-14 11:19:33] Versende Einladung an: a.karanib@web.de
[2026-04-14 11:19:33] E-Mail erfolgreich an Ahmad (a.karanib@web.de) gesendet.
[2026-04-14 11:19:33] Versende Einladung an: ali.aboushahin@yahoo.de
[2026-04-14 11:19:33] E-Mail erfolgreich an Ali (ali.aboushahin@yahoo.de) gesendet.
[2026-04-14 11:29:19] Terminbestätigung an Maher (mahersoltani35@gmail.com) gesendet.
[2026-04-14 11:30:38] Terminbestätigung an Maher (mahersoltani35@gmail.com) gesendet.
[2026-04-14 12:36:35] Terminbestätigung an Kassem (kassemalmohammad313@gmail.com) gesendet.
[2026-04-14 13:03:58] Terminbestätigung an Vebija (vebi96@outlook.de) gesendet.
[2026-04-15 00:00:31] Terminbestätigung an Mansour (mansour1980@gmail.com) gesendet.
[2026-04-15 18:32:46] Terminbestätigung an Faisal (chandpk2015@gmail.com) gesendet.
[2026-04-17 12:22:05] Terminbestätigung an Ahmad (a.karanib@web.de) gesendet.
[2026-04-17 12:49:14] Versende Einladung an: mohammedsaba908@gmail.com
[2026-04-17 12:49:14] E-Mail erfolgreich an Mohammed (mohammedsaba908@gmail.com) gesendet.
[2026-04-17 12:49:14] Versende Einladung an: halilkonak@hotmail.de
[2026-04-17 12:49:14] E-Mail erfolgreich an Halil (halilkonak@hotmail.de) gesendet.
[2026-04-17 12:49:14] Versende Einladung an: rsk.1983.lpz@gmail.com
[2026-04-17 12:49:15] E-Mail erfolgreich an Rajwinder (rsk.1983.lpz@gmail.com) gesendet.
[2026-04-17 12:49:15] Versende Einladung an: yosifshabanalmohammad@gmail.com
[2026-04-17 12:49:15] E-Mail erfolgreich an yosif (yosifshabanalmohammad@gmail.com) gesendet.
[2026-04-17 12:49:15] Versende Einladung an: asif.chohdry@gmx.net
[2026-04-17 12:49:15] E-Mail erfolgreich an Asif Mehmood (asif.chohdry@gmx.net) gesendet.
[2026-04-17 12:49:15] Versende Einladung an: fahimalsalm@gmail.com
[2026-04-17 12:49:16] E-Mail erfolgreich an Fahim (fahimalsalm@gmail.com) gesendet.
[2026-04-17 12:49:16] Versende Einladung an: vitaliesagaidac1990@gmail.com
[2026-04-17 12:49:16] E-Mail erfolgreich an Vitalie (vitaliesagaidac1990@gmail.com) gesendet.
[2026-04-17 12:49:16] Versende Einladung an: singhgulab727@gmail.com
[2026-04-17 12:49:16] E-Mail erfolgreich an Singh (singhgulab727@gmail.com) gesendet.
[2026-04-17 12:49:16] Versende Einladung an: leipzig2b@gmail.com
[2026-04-17 12:49:16] E-Mail erfolgreich an Yousif (leipzig2b@gmail.com) gesendet.
[2026-04-17 12:49:16] Versende Einladung an: Khaled.afifi.az@gmail.com
[2026-04-17 12:49:17] E-Mail erfolgreich an KHALED (Khaled.afifi.az@gmail.com) gesendet.
[2026-04-17 12:49:17] Versende Einladung an: shivanperwer71@gmail.com
[2026-04-17 12:49:17] E-Mail erfolgreich an Shivan (shivanperwer71@gmail.com) gesendet.
[2026-04-17 12:49:17] Versende Einladung an: sajad.ibrahim1998@gmail.com
[2026-04-17 12:49:17] E-Mail erfolgreich an Taga allah (sajad.ibrahim1998@gmail.com) gesendet.
[2026-04-17 12:49:17] Versende Einladung an: darwin1993ahmed@gmail.com
[2026-04-17 12:49:17] E-Mail erfolgreich an Darwin (darwin1993ahmed@gmail.com) gesendet.
[2026-04-17 12:49:17] Versende Einladung an: naderhamadani8@gmail.com
[2026-04-17 12:49:18] E-Mail erfolgreich an Nader (naderhamadani8@gmail.com) gesendet.
[2026-04-17 12:49:18] Versende Einladung an: chandpk2015@gmail.com
[2026-04-17 12:49:18] E-Mail erfolgreich an Faisal (chandpk2015@gmail.com) gesendet.
[2026-04-17 12:49:18] Versende Einladung an: m.galad6@icloud.com
[2026-04-17 12:49:18] E-Mail erfolgreich an Mohamad (m.galad6@icloud.com) gesendet.
[2026-04-17 12:49:18] Versende Einladung an: alnasser.omar@icloud.com
[2026-04-17 12:49:18] E-Mail erfolgreich an Omar (alnasser.omar@icloud.com) gesendet.
[2026-04-17 12:49:18] Versende Einladung an: masodrazmgo@gmail.com
[2026-04-17 12:49:19] E-Mail erfolgreich an Masoud (masodrazmgo@gmail.com) gesendet.
[2026-04-17 12:49:19] Versende Einladung an: nosheenhaji@outlook.de
[2026-04-17 12:49:19] E-Mail erfolgreich an Hussein (nosheenhaji@outlook.de) gesendet.
[2026-04-17 12:49:19] Versende Einladung an: Hamidalidin@gmail.com
[2026-04-17 12:49:19] E-Mail erfolgreich an Hamid (Hamidalidin@gmail.com) gesendet.
[2026-04-17 12:49:19] Versende Einladung an: qomid1871@gmail.com
[2026-04-17 12:49:20] E-Mail erfolgreich an Aminullah (qomid1871@gmail.com) gesendet.
[2026-04-17 12:49:20] Versende Einladung an: abulniran0030@gmail.com
[2026-04-17 12:49:20] E-Mail erfolgreich an Abulniran (abulniran0030@gmail.com) gesendet.
[2026-04-17 12:49:20] Versende Einladung an: hirensolankibaps5@gmail.com
[2026-04-17 12:49:20] E-Mail erfolgreich an Hiren Kantilal (hirensolankibaps5@gmail.com) gesendet.
[2026-04-17 12:49:20] Versende Einladung an: amarbouriah38@gmail.com
[2026-04-17 12:49:20] E-Mail erfolgreich an Amar (amarbouriah38@gmail.com) gesendet.
[2026-04-17 12:49:20] Versende Einladung an: shourstan@outlook.de
[2026-04-17 12:49:21] E-Mail erfolgreich an Shourshfan (shourstan@outlook.de) gesendet.
[2026-04-17 12:49:21] Versende Einladung an: saifibrahim129@gmail.com
[2026-04-17 12:49:21] E-Mail erfolgreich an Ibrahim (saifibrahim129@gmail.com) gesendet.
[2026-04-17 12:49:21] Versende Einladung an: mahmudalnimer7@gmail.com
[2026-04-17 12:49:21] E-Mail erfolgreich an Mahmud (mahmudalnimer7@gmail.com) gesendet.
[2026-04-17 12:49:21] Versende Einladung an: ahmadalkfftan89@gmail.com
[2026-04-17 12:49:21] E-Mail erfolgreich an Ahmad (ahmadalkfftan89@gmail.com) gesendet.
[2026-04-17 12:49:21] Versende Einladung an: igor.wampula@live.at
[2026-04-17 12:49:22] E-Mail erfolgreich an Igor (igor.wampula@live.at) gesendet.
[2026-04-17 12:49:22] Versende Einladung an: issaj0386@gmail.com
[2026-04-17 12:49:22] E-Mail erfolgreich an Jamal (issaj0386@gmail.com) gesendet.
[2026-04-17 12:49:22] Versende Einladung an: nn729774@gmail.com
[2026-04-17 12:49:22] E-Mail erfolgreich an Mohamed Nour (nn729774@gmail.com) gesendet.
[2026-04-17 12:49:22] Versende Einladung an: Awais.afzal.leipzig@gmail.com
[2026-04-17 12:49:22] E-Mail erfolgreich an Awais (Awais.afzal.leipzig@gmail.com) gesendet.
[2026-04-17 12:49:23] Versende Einladung an: yamenofficial644@gmail.com
[2026-04-17 12:49:23] E-Mail erfolgreich an Yamen (yamenofficial644@gmail.com) gesendet.
[2026-04-17 12:49:23] Versende Einladung an: mhamdih170@gmail.com
[2026-04-17 12:49:23] E-Mail erfolgreich an Mhamdi (mhamdih170@gmail.com) gesendet.
[2026-04-17 12:49:23] Versende Einladung an: hamid.qayumi@yahoo.com
[2026-04-17 12:49:23] E-Mail erfolgreich an Qayumi (hamid.qayumi@yahoo.com) gesendet.
[2026-04-17 12:49:23] Versende Einladung an: rewandalini@gmail.com
[2026-04-17 12:49:24] E-Mail erfolgreich an Rowan (rewandalini@gmail.com) gesendet.
[2026-04-17 12:49:24] Versende Einladung an: Jafarim450@gmail.com
[2026-04-17 12:49:24] E-Mail erfolgreich an Amiri (Jafarim450@gmail.com) gesendet.
[2026-04-17 12:49:24] Versende Einladung an: abderachid01@hotmail.de
[2026-04-17 12:49:24] E-Mail erfolgreich an Abderachid (abderachid01@hotmail.de) gesendet.
[2026-04-17 12:49:24] Versende Einladung an: gjokaeduard9@gmail.com
[2026-04-17 12:49:24] E-Mail erfolgreich an Eduard (gjokaeduard9@gmail.com) gesendet.
[2026-04-17 12:49:24] Versende Einladung an: tomasz.lisek8@gmail.com
[2026-04-17 12:49:25] E-Mail erfolgreich an Tomasz (tomasz.lisek8@gmail.com) gesendet.
[2026-04-17 12:49:25] Versende Einladung an: aminullah1.qader@gmail.com
[2026-04-17 12:49:25] E-Mail erfolgreich an Aminullah (aminullah1.qader@gmail.com) gesendet.
[2026-04-17 12:49:25] Versende Einladung an: almafalani.mouaz@gmail.com
[2026-04-17 12:49:25] E-Mail erfolgreich an Mouaz (almafalani.mouaz@gmail.com) gesendet.
[2026-04-17 12:49:25] Versende Einladung an: alsardahi9@gmail.com
[2026-04-17 12:49:25] E-Mail erfolgreich an Shihab (alsardahi9@gmail.com) gesendet.
[2026-04-17 12:49:25] Versende Einladung an: alialmango40@gmail.com
[2026-04-17 12:49:26] E-Mail erfolgreich an Ali (alialmango40@gmail.com) gesendet.
[2026-04-17 12:49:26] Versende Einladung an: Batalmustafa92@gmail.com
[2026-04-17 12:49:26] E-Mail erfolgreich an Mustafa (Batalmustafa92@gmail.com) gesendet.
[2026-04-17 12:49:26] Versende Einladung an: othaman87007@gmail.com
[2026-04-17 12:49:26] E-Mail erfolgreich an Othman (othaman87007@gmail.com) gesendet.
[2026-04-17 12:49:26] Versende Einladung an: ihingora@gmail.com
[2026-04-17 12:49:27] E-Mail erfolgreich an Imran (ihingora@gmail.com) gesendet.
[2026-04-17 12:49:27] Versende Einladung an: a.karanib@web.de
[2026-04-17 12:49:27] E-Mail erfolgreich an Ahmad (a.karanib@web.de) gesendet.
[2026-04-17 12:49:27] Versende Einladung an: ali.aboushahin@yahoo.de
[2026-04-17 12:49:27] E-Mail erfolgreich an Ali (ali.aboushahin@yahoo.de) gesendet.
[2026-04-17 12:49:27] Versende Einladung an: moussaelebrahim@gmail.com
[2026-04-17 12:49:27] E-Mail erfolgreich an Moussa (moussaelebrahim@gmail.com) gesendet.
[2026-04-17 12:49:27] Versende Einladung an: misik8424@gmail.de
[2026-04-17 12:49:28] E-Mail erfolgreich an Muhammed (misik8424@gmail.de) gesendet.
[2026-04-17 12:49:28] Versende Einladung an: hiwa@live.de
[2026-04-17 12:49:28] E-Mail erfolgreich an Hiwa (hiwa@live.de) gesendet.
[2026-04-17 12:54:33] Terminbestätigung an Amiri (Jafarim450@gmail.com) gesendet.
[2026-04-17 13:32:12] Terminbestätigung an Hiwa (hiwa@live.de) gesendet.
[2026-04-17 16:21:49] Terminbestätigung an Igor (igor.wampula@live.at) gesendet.
[2026-04-17 20:22:11] Terminbestätigung an Hiwa (hiwa@live.de) gesendet.
[2026-04-18 23:20:17] Terminbestätigung an Hiwa (hiwa@live.de) gesendet.
[2026-04-19 13:42:07] Terminbestätigung an Hiwa (hiwa@live.de) gesendet.
[2026-04-20 21:45:26] Terminbestätigung an Imran (ihingora@gmail.com) gesendet.
[2026-05-15 13:20:05] Versende Einladung an: mohammedsaba908@gmail.com
[2026-05-15 13:20:06] E-Mail erfolgreich an Mohammed (mohammedsaba908@gmail.com) gesendet.
[2026-05-15 13:20:06] Versende Einladung an: halilkonak@hotmail.de
[2026-05-15 13:20:06] E-Mail erfolgreich an Halil (halilkonak@hotmail.de) gesendet.
[2026-05-15 13:20:06] Versende Einladung an: rsk.1983.lpz@gmail.com
[2026-05-15 13:20:06] E-Mail erfolgreich an Rajwinder (rsk.1983.lpz@gmail.com) gesendet.
[2026-05-15 13:20:06] Versende Einladung an: yosifshabanalmohammad@gmail.com
[2026-05-15 13:20:06] E-Mail erfolgreich an yosif (yosifshabanalmohammad@gmail.com) gesendet.
[2026-05-15 13:20:06] Versende Einladung an: asif.chohdry@gmx.net
[2026-05-15 13:20:07] E-Mail erfolgreich an Asif Mehmood (asif.chohdry@gmx.net) gesendet.
[2026-05-15 13:20:07] Versende Einladung an: fahimalsalm@gmail.com
[2026-05-15 13:20:07] E-Mail erfolgreich an Fahim (fahimalsalm@gmail.com) gesendet.
[2026-05-15 13:20:07] Versende Einladung an: vitaliesagaidac1990@gmail.com
[2026-05-15 13:20:07] E-Mail erfolgreich an Vitalie (vitaliesagaidac1990@gmail.com) gesendet.
[2026-05-15 13:20:07] Versende Einladung an: singhgulab727@gmail.com
[2026-05-15 13:20:07] E-Mail erfolgreich an Singh (singhgulab727@gmail.com) gesendet.
[2026-05-15 13:20:07] Versende Einladung an: leipzig2b@gmail.com
[2026-05-15 13:20:08] E-Mail erfolgreich an Yousif (leipzig2b@gmail.com) gesendet.
[2026-05-15 13:20:08] Versende Einladung an: Khaled.afifi.az@gmail.com
[2026-05-15 13:20:08] E-Mail erfolgreich an KHALED (Khaled.afifi.az@gmail.com) gesendet.
[2026-05-15 13:20:08] Versende Einladung an: shivanperwer71@gmail.com
[2026-05-15 13:20:08] E-Mail erfolgreich an Shivan (shivanperwer71@gmail.com) gesendet.
[2026-05-15 13:20:08] Versende Einladung an: sajad.ibrahim1998@gmail.com
[2026-05-15 13:20:08] E-Mail erfolgreich an Taga allah (sajad.ibrahim1998@gmail.com) gesendet.
[2026-05-15 13:20:08] Versende Einladung an: darwin1993ahmed@gmail.com
[2026-05-15 13:20:09] E-Mail erfolgreich an Darwin (darwin1993ahmed@gmail.com) gesendet.
[2026-05-15 13:20:09] Versende Einladung an: naderhamadani8@gmail.com
[2026-05-15 13:20:09] E-Mail erfolgreich an Nader (naderhamadani8@gmail.com) gesendet.
[2026-05-15 13:20:09] Versende Einladung an: m.galad6@icloud.com
[2026-05-15 13:20:09] E-Mail erfolgreich an Mohamad (m.galad6@icloud.com) gesendet.
[2026-05-15 13:20:09] Versende Einladung an: alnasser.omar@icloud.com
[2026-05-15 13:20:09] E-Mail erfolgreich an Omar (alnasser.omar@icloud.com) gesendet.
[2026-05-15 13:20:09] Versende Einladung an: masodrazmgo@gmail.com
[2026-05-15 13:20:10] E-Mail erfolgreich an Masoud (masodrazmgo@gmail.com) gesendet.
[2026-05-15 13:20:10] Versende Einladung an: nosheenhaji@outlook.de
[2026-05-15 13:20:10] E-Mail erfolgreich an Hussein (nosheenhaji@outlook.de) gesendet.
[2026-05-15 13:20:10] Versende Einladung an: Hamidalidin@gmail.com
[2026-05-15 13:20:10] E-Mail erfolgreich an Hamid (Hamidalidin@gmail.com) gesendet.
[2026-05-15 13:20:10] Versende Einladung an: qomid1871@gmail.com
[2026-05-15 13:20:10] E-Mail erfolgreich an Aminullah (qomid1871@gmail.com) gesendet.
[2026-05-15 13:20:10] Versende Einladung an: abulniran0030@gmail.com
[2026-05-15 13:20:11] E-Mail erfolgreich an Abulniran (abulniran0030@gmail.com) gesendet.
[2026-05-15 13:20:11] Versende Einladung an: hirensolankibaps5@gmail.com
[2026-05-15 13:20:11] E-Mail erfolgreich an Hiren Kantilal (hirensolankibaps5@gmail.com) gesendet.
[2026-05-15 13:20:11] Versende Einladung an: amarbouriah38@gmail.com
[2026-05-15 13:20:11] E-Mail erfolgreich an Amar (amarbouriah38@gmail.com) gesendet.
[2026-05-15 13:20:11] Versende Einladung an: shourstan@outlook.de
[2026-05-15 13:20:11] E-Mail erfolgreich an Shourshfan (shourstan@outlook.de) gesendet.
[2026-05-15 13:20:11] Versende Einladung an: saifibrahim129@gmail.com
[2026-05-15 13:20:11] E-Mail erfolgreich an Ibrahim (saifibrahim129@gmail.com) gesendet.
[2026-05-15 13:20:11] Versende Einladung an: mahmudalnimer7@gmail.com
[2026-05-15 13:20:12] E-Mail erfolgreich an Mahmud (mahmudalnimer7@gmail.com) gesendet.
[2026-05-15 13:20:12] Versende Einladung an: ahmadalkfftan89@gmail.com
[2026-05-15 13:20:12] E-Mail erfolgreich an Ahmad (ahmadalkfftan89@gmail.com) gesendet.
[2026-05-15 13:20:12] Versende Einladung an: issaj0386@gmail.com
[2026-05-15 13:20:12] E-Mail erfolgreich an Jamal (issaj0386@gmail.com) gesendet.
[2026-05-15 13:20:12] Versende Einladung an: nn729774@gmail.com
[2026-05-15 13:20:12] E-Mail erfolgreich an Mohamed Nour (nn729774@gmail.com) gesendet.
[2026-05-15 13:20:12] Versende Einladung an: Awais.afzal.leipzig@gmail.com
[2026-05-15 13:20:13] E-Mail erfolgreich an Awais (Awais.afzal.leipzig@gmail.com) gesendet.
[2026-05-15 13:20:13] Versende Einladung an: yamenofficial644@gmail.com
[2026-05-15 13:20:13] E-Mail erfolgreich an Yamen (yamenofficial644@gmail.com) gesendet.
[2026-05-15 13:20:13] Versende Einladung an: mhamdih170@gmail.com
[2026-05-15 13:20:13] E-Mail erfolgreich an Mhamdi (mhamdih170@gmail.com) gesendet.
[2026-05-15 13:20:13] Versende Einladung an: hamid.qayumi@yahoo.com
[2026-05-15 13:20:13] E-Mail erfolgreich an Qayumi (hamid.qayumi@yahoo.com) gesendet.
[2026-05-15 13:20:13] Versende Einladung an: rewandalini@gmail.com
[2026-05-15 13:20:14] E-Mail erfolgreich an Rowan (rewandalini@gmail.com) gesendet.
[2026-05-15 13:20:14] Versende Einladung an: abderachid01@hotmail.de
[2026-05-15 13:20:14] E-Mail erfolgreich an Abderachid (abderachid01@hotmail.de) gesendet.
[2026-05-15 13:20:14] Versende Einladung an: gjokaeduard9@gmail.com
[2026-05-15 13:20:14] E-Mail erfolgreich an Eduard (gjokaeduard9@gmail.com) gesendet.
[2026-05-15 13:20:14] Versende Einladung an: tomasz.lisek8@gmail.com
[2026-05-15 13:20:14] E-Mail erfolgreich an Tomasz (tomasz.lisek8@gmail.com) gesendet.
[2026-05-15 13:20:14] Versende Einladung an: aminullah1.qader@gmail.com
[2026-05-15 13:20:15] E-Mail erfolgreich an Aminullah (aminullah1.qader@gmail.com) gesendet.
[2026-05-15 13:20:15] Versende Einladung an: almafalani.mouaz@gmail.com
[2026-05-15 13:20:15] E-Mail erfolgreich an Mouaz (almafalani.mouaz@gmail.com) gesendet.
[2026-05-15 13:20:15] Versende Einladung an: alsardahi9@gmail.com
[2026-05-15 13:20:15] E-Mail erfolgreich an Shihab (alsardahi9@gmail.com) gesendet.
[2026-05-15 13:20:15] Versende Einladung an: alialmango40@gmail.com
[2026-05-15 13:20:15] E-Mail erfolgreich an Ali (alialmango40@gmail.com) gesendet.
[2026-05-15 13:20:15] Versende Einladung an: Batalmustafa92@gmail.com
[2026-05-15 13:20:15] E-Mail erfolgreich an Mustafa (Batalmustafa92@gmail.com) gesendet.
[2026-05-15 13:20:15] Versende Einladung an: othaman87007@gmail.com
[2026-05-15 13:20:16] E-Mail erfolgreich an Othman (othaman87007@gmail.com) gesendet.
[2026-05-15 13:20:16] Versende Einladung an: a.karanib@web.de
[2026-05-15 13:20:16] E-Mail erfolgreich an Ahmad (a.karanib@web.de) gesendet.
[2026-05-15 13:20:16] Versende Einladung an: ali.aboushahin@yahoo.de
[2026-05-15 13:20:16] E-Mail erfolgreich an Ali (ali.aboushahin@yahoo.de) gesendet.
[2026-05-15 13:20:16] Versende Einladung an: moussaelebrahim@gmail.com
[2026-05-15 13:20:16] E-Mail erfolgreich an Moussa (moussaelebrahim@gmail.com) gesendet.
[2026-05-15 13:20:16] Versende Einladung an: misik8424@gmail.de
[2026-05-15 13:20:17] E-Mail erfolgreich an Muhammed (misik8424@gmail.de) gesendet.
[2026-05-15 13:20:17] Versende Einladung an: malakkurdo@gmail.com
[2026-05-15 13:20:17] E-Mail erfolgreich an Dawid (malakkurdo@gmail.com) gesendet.
[2026-05-15 13:20:17] Versende Einladung an: myboxch@web.de
[2026-05-15 13:20:17] E-Mail erfolgreich an Christian (myboxch@web.de) gesendet.
[2026-05-15 13:20:17] Versende Einladung an: boudjemaaharai@gmail.com
[2026-05-15 13:20:17] E-Mail erfolgreich an Boudjema (boudjemaaharai@gmail.com) gesendet.
[2026-05-15 13:20:17] Versende Einladung an: paliichukliubov199@gmail.com
[2026-05-15 13:20:18] E-Mail erfolgreich an Malak (paliichukliubov199@gmail.com) gesendet.
[2026-05-15 13:20:18] Versende Einladung an: baran.deli@icloud.com
[2026-05-15 13:20:18] E-Mail erfolgreich an Baran (baran.deli@icloud.com) gesendet.
[2026-05-15 13:40:46] Terminbestätigung an Ahmad (ahmadalkfftan89@gmail.com) gesendet.
[2026-05-15 13:41:19] Terminbestätigung an Ahmad (ahmadalkfftan89@gmail.com) gesendet.
[2026-05-15 14:04:08] Terminbestätigung an Ahmad (a.karanib@web.de) gesendet.
[2026-05-15 15:11:06] Terminbestätigung an Ahmad (a.karanib@web.de) gesendet.
[2026-05-17 18:11:12] Terminbestätigung an Malak (paliichukliubov199@gmail.com) gesendet.
[2026-05-18 14:24:41] Versende Einladung an: mohammedsaba908@gmail.com
[2026-05-18 14:24:41] E-Mail erfolgreich an Mohammed (mohammedsaba908@gmail.com) gesendet.
[2026-05-18 14:24:41] Versende Einladung an: halilkonak@hotmail.de
[2026-05-18 14:24:41] E-Mail erfolgreich an Halil (halilkonak@hotmail.de) gesendet.
[2026-05-18 14:24:41] Versende Einladung an: rsk.1983.lpz@gmail.com
[2026-05-18 14:24:42] E-Mail erfolgreich an Rajwinder (rsk.1983.lpz@gmail.com) gesendet.
[2026-05-18 14:24:42] Versende Einladung an: yosifshabanalmohammad@gmail.com
[2026-05-18 14:24:42] E-Mail erfolgreich an yosif (yosifshabanalmohammad@gmail.com) gesendet.
[2026-05-18 14:24:42] Versende Einladung an: asif.chohdry@gmx.net
[2026-05-18 14:24:42] E-Mail erfolgreich an Asif Mehmood (asif.chohdry@gmx.net) gesendet.
[2026-05-18 14:24:42] Versende Einladung an: fahimalsalm@gmail.com
[2026-05-18 14:24:42] E-Mail erfolgreich an Fahim (fahimalsalm@gmail.com) gesendet.
[2026-05-18 14:24:42] Versende Einladung an: vitaliesagaidac1990@gmail.com
[2026-05-18 14:24:43] E-Mail erfolgreich an Vitalie (vitaliesagaidac1990@gmail.com) gesendet.
[2026-05-18 14:24:43] Versende Einladung an: singhgulab727@gmail.com
[2026-05-18 14:24:43] E-Mail erfolgreich an Singh (singhgulab727@gmail.com) gesendet.
[2026-05-18 14:24:43] Versende Einladung an: leipzig2b@gmail.com
[2026-05-18 14:24:43] E-Mail erfolgreich an Yousif (leipzig2b@gmail.com) gesendet.
[2026-05-18 14:24:43] Versende Einladung an: Khaled.afifi.az@gmail.com
[2026-05-18 14:24:44] E-Mail erfolgreich an KHALED (Khaled.afifi.az@gmail.com) gesendet.
[2026-05-18 14:24:44] Versende Einladung an: shivanperwer71@gmail.com
[2026-05-18 14:24:44] E-Mail erfolgreich an Shivan (shivanperwer71@gmail.com) gesendet.
[2026-05-18 14:24:44] Versende Einladung an: sajad.ibrahim1998@gmail.com
[2026-05-18 14:24:44] E-Mail erfolgreich an Taga allah (sajad.ibrahim1998@gmail.com) gesendet.
[2026-05-18 14:24:44] Versende Einladung an: darwin1993ahmed@gmail.com
[2026-05-18 14:24:44] E-Mail erfolgreich an Darwin (darwin1993ahmed@gmail.com) gesendet.
[2026-05-18 14:24:44] Versende Einladung an: naderhamadani8@gmail.com
[2026-05-18 14:24:45] E-Mail erfolgreich an Nader (naderhamadani8@gmail.com) gesendet.
[2026-05-18 14:24:45] Versende Einladung an: m.galad6@icloud.com
[2026-05-18 14:24:45] E-Mail erfolgreich an Mohamad (m.galad6@icloud.com) gesendet.
[2026-05-18 14:24:45] Versende Einladung an: alnasser.omar@icloud.com
[2026-05-18 14:24:45] E-Mail erfolgreich an Omar (alnasser.omar@icloud.com) gesendet.
[2026-05-18 14:24:45] Versende Einladung an: masodrazmgo@gmail.com
[2026-05-18 14:24:46] E-Mail erfolgreich an Masoud (masodrazmgo@gmail.com) gesendet.
[2026-05-18 14:24:46] Versende Einladung an: nosheenhaji@outlook.de
[2026-05-18 14:24:46] E-Mail erfolgreich an Hussein (nosheenhaji@outlook.de) gesendet.
[2026-05-18 14:24:46] Versende Einladung an: Hamidalidin@gmail.com
[2026-05-18 14:24:46] E-Mail erfolgreich an Hamid (Hamidalidin@gmail.com) gesendet.
[2026-05-18 14:24:46] Versende Einladung an: qomid1871@gmail.com
[2026-05-18 14:24:46] E-Mail erfolgreich an Aminullah (qomid1871@gmail.com) gesendet.
[2026-05-18 14:24:46] Versende Einladung an: abulniran0030@gmail.com
[2026-05-18 14:24:47] E-Mail erfolgreich an Abulniran (abulniran0030@gmail.com) gesendet.
[2026-05-18 14:24:47] Versende Einladung an: hirensolankibaps5@gmail.com
[2026-05-18 14:24:47] E-Mail erfolgreich an Hiren Kantilal (hirensolankibaps5@gmail.com) gesendet.
[2026-05-18 14:24:47] Versende Einladung an: amarbouriah38@gmail.com
[2026-05-18 14:24:47] E-Mail erfolgreich an Amar (amarbouriah38@gmail.com) gesendet.
[2026-05-18 14:24:47] Versende Einladung an: shourstan@outlook.de
[2026-05-18 14:24:47] E-Mail erfolgreich an Shourshfan (shourstan@outlook.de) gesendet.
[2026-05-18 14:24:47] Versende Einladung an: saifibrahim129@gmail.com
[2026-05-18 14:24:48] E-Mail erfolgreich an Ibrahim (saifibrahim129@gmail.com) gesendet.
[2026-05-18 14:24:48] Versende Einladung an: mahmudalnimer7@gmail.com
[2026-05-18 14:24:48] E-Mail erfolgreich an Mahmud (mahmudalnimer7@gmail.com) gesendet.
[2026-05-18 14:24:48] Versende Einladung an: ahmadalkfftan89@gmail.com
[2026-05-18 14:24:48] E-Mail erfolgreich an Ahmad (ahmadalkfftan89@gmail.com) gesendet.
[2026-05-18 14:24:48] Versende Einladung an: issaj0386@gmail.com
[2026-05-18 14:24:48] E-Mail erfolgreich an Jamal (issaj0386@gmail.com) gesendet.
[2026-05-18 14:24:48] Versende Einladung an: nn729774@gmail.com
[2026-05-18 14:24:49] E-Mail erfolgreich an Mohamed Nour (nn729774@gmail.com) gesendet.
[2026-05-18 14:24:49] Versende Einladung an: Awais.afzal.leipzig@gmail.com
[2026-05-18 14:24:49] E-Mail erfolgreich an Awais (Awais.afzal.leipzig@gmail.com) gesendet.
[2026-05-18 14:24:49] Versende Einladung an: yamenofficial644@gmail.com
[2026-05-18 14:24:49] E-Mail erfolgreich an Yamen (yamenofficial644@gmail.com) gesendet.
[2026-05-18 14:24:49] Versende Einladung an: mhamdih170@gmail.com
[2026-05-18 14:24:50] E-Mail erfolgreich an Mhamdi (mhamdih170@gmail.com) gesendet.
[2026-05-18 14:24:50] Versende Einladung an: hamid.qayumi@yahoo.com
[2026-05-18 14:24:50] E-Mail erfolgreich an Qayumi (hamid.qayumi@yahoo.com) gesendet.
[2026-05-18 14:24:50] Versende Einladung an: rewandalini@gmail.com
[2026-05-18 14:24:50] E-Mail erfolgreich an Rowan (rewandalini@gmail.com) gesendet.
[2026-05-18 14:24:50] Versende Einladung an: abderachid01@hotmail.de
[2026-05-18 14:24:50] E-Mail erfolgreich an Abderachid (abderachid01@hotmail.de) gesendet.
[2026-05-18 14:24:50] Versende Einladung an: gjokaeduard9@gmail.com
[2026-05-18 14:24:51] E-Mail erfolgreich an Eduard (gjokaeduard9@gmail.com) gesendet.
[2026-05-18 14:24:51] Versende Einladung an: tomasz.lisek8@gmail.com
[2026-05-18 14:24:51] E-Mail erfolgreich an Tomasz (tomasz.lisek8@gmail.com) gesendet.
[2026-05-18 14:24:51] Versende Einladung an: aminullah1.qader@gmail.com
[2026-05-18 14:24:51] E-Mail erfolgreich an Aminullah (aminullah1.qader@gmail.com) gesendet.
[2026-05-18 14:24:51] Versende Einladung an: almafalani.mouaz@gmail.com
[2026-05-18 14:24:51] E-Mail erfolgreich an Mouaz (almafalani.mouaz@gmail.com) gesendet.
[2026-05-18 14:24:51] Versende Einladung an: alsardahi9@gmail.com
[2026-05-18 14:24:52] E-Mail erfolgreich an Shihab (alsardahi9@gmail.com) gesendet.
[2026-05-18 14:24:52] Versende Einladung an: alialmango40@gmail.com
[2026-05-18 14:24:52] E-Mail erfolgreich an Ali (alialmango40@gmail.com) gesendet.
[2026-05-18 14:24:52] Versende Einladung an: Batalmustafa92@gmail.com
[2026-05-18 14:24:52] E-Mail erfolgreich an Mustafa (Batalmustafa92@gmail.com) gesendet.
[2026-05-18 14:24:52] Versende Einladung an: othaman87007@gmail.com
[2026-05-18 14:24:52] E-Mail erfolgreich an Othman (othaman87007@gmail.com) gesendet.
[2026-05-18 14:24:52] Versende Einladung an: a.karanib@web.de
[2026-05-18 14:24:53] E-Mail erfolgreich an Ahmad (a.karanib@web.de) gesendet.
[2026-05-18 14:24:53] Versende Einladung an: ali.aboushahin@yahoo.de
[2026-05-18 14:24:53] E-Mail erfolgreich an Ali (ali.aboushahin@yahoo.de) gesendet.
[2026-05-18 14:24:53] Versende Einladung an: moussaelebrahim@gmail.com
[2026-05-18 14:24:53] E-Mail erfolgreich an Moussa (moussaelebrahim@gmail.com) gesendet.
[2026-05-18 14:24:53] Versende Einladung an: misik8424@gmail.de
[2026-05-18 14:24:53] E-Mail erfolgreich an Muhammed (misik8424@gmail.de) gesendet.
[2026-05-18 14:24:53] Versende Einladung an: malakkurdo@gmail.com
[2026-05-18 14:24:54] E-Mail erfolgreich an Dawid (malakkurdo@gmail.com) gesendet.
[2026-05-18 14:24:54] Versende Einladung an: myboxch@web.de
[2026-05-18 14:24:54] E-Mail erfolgreich an Christian (myboxch@web.de) gesendet.
[2026-05-18 14:24:54] Versende Einladung an: boudjemaaharai@gmail.com
[2026-05-18 14:24:54] E-Mail erfolgreich an Boudjema (boudjemaaharai@gmail.com) gesendet.
[2026-05-18 14:24:54] Versende Einladung an: paliichukliubov199@gmail.com
[2026-05-18 14:24:54] E-Mail erfolgreich an Malak (paliichukliubov199@gmail.com) gesendet.
[2026-05-18 14:24:54] Versende Einladung an: baran.deli@icloud.com
[2026-05-18 14:24:55] E-Mail erfolgreich an Baran (baran.deli@icloud.com) gesendet.
[2026-05-18 14:24:55] Versende Einladung an: Kairusya92@gmail.com
[2026-05-18 14:24:55] E-Mail erfolgreich an Oleh (Kairusya92@gmail.com) gesendet.
[2026-05-18 14:24:55] Versende Einladung an: susanwagner157@yahoo.de
[2026-05-18 14:24:55] E-Mail erfolgreich an Boujemaa (susanwagner157@yahoo.de) gesendet.
[2026-05-18 14:31:39] Terminbestätigung an Boujemaa (susanwagner157@yahoo.de) gesendet.
[2026-05-18 22:44:30] Terminbestätigung an Mustafa (Batalmustafa92@gmail.com) gesendet.
[2026-05-20 11:55:50] Versende Einladung an: azim77ghairat@gmail.com
[2026-05-20 11:55:50] E-Mail erfolgreich an Mohammad Azim (azim77ghairat@gmail.com) gesendet.
[2026-05-20 11:55:50] Versende Einladung an: wessamjames04@gmail.com
[2026-05-20 11:55:50] E-Mail erfolgreich an Alageeli (wessamjames04@gmail.com) gesendet.
[2026-05-20 11:55:50] Versende Einladung an: mansourzahiri70@gmail.com
[2026-05-20 11:55:50] E-Mail erfolgreich an Mansour (mansourzahiri70@gmail.com) gesendet.
[2026-05-20 11:55:50] Versende Einladung an: hashemisaharifa@gmail.com
[2026-05-20 11:55:51] E-Mail erfolgreich an Hashmatullah (hashemisaharifa@gmail.com) gesendet.
[2026-05-20 11:55:51] Versende Einladung an: parmjit_dosanjh1965@yahoo.de
[2026-05-20 11:55:51] E-Mail erfolgreich an Parmjit Singh (parmjit_dosanjh1965@yahoo.de) gesendet.
[2026-05-20 11:55:51] Versende Einladung an: tabatabayia44@gmail.com
[2026-05-20 11:55:51] E-Mail erfolgreich an Ali (tabatabayia44@gmail.com) gesendet.
[2026-05-20 11:55:51] Versende Einladung an: wahedhas@yahoo.de
[2026-05-20 11:55:51] E-Mail erfolgreich an Abdulwahed (wahedhas@yahoo.de) gesendet.
[2026-05-20 11:55:51] Versende Einladung an: chandpk2015@gmail.com
[2026-05-20 11:55:52] E-Mail erfolgreich an Faisal (chandpk2015@gmail.com) gesendet.
[2026-05-20 11:55:52] Versende Einladung an: osama.leipzig@gmail.com
[2026-05-20 11:55:52] E-Mail erfolgreich an ‪Osama (osama.leipzig@gmail.com) gesendet.
[2026-05-20 11:55:52] Versende Einladung an: peemad21@gmail.com
[2026-05-20 11:55:52] E-Mail erfolgreich an Mehman (peemad21@gmail.com) gesendet.
[2026-05-20 11:55:52] Versende Einladung an: semoschumacher89.88@gmail.com
[2026-05-20 11:55:52] E-Mail erfolgreich an Sami (semoschumacher89.88@gmail.com) gesendet.
[2026-05-20 11:55:52] Versende Einladung an: merivanamg@icloud.com
[2026-05-20 11:55:52] E-Mail erfolgreich an Meriwan (merivanamg@icloud.com) gesendet.
[2026-05-20 11:55:53] Versende Einladung an: Firas123.123456789@gmail.com
[2026-05-20 11:55:53] E-Mail erfolgreich an Firas (Firas123.123456789@gmail.com) gesendet.
[2026-05-20 11:55:53] Versende Einladung an: shafi.temory2016@gmail.com
[2026-05-20 11:55:53] E-Mail erfolgreich an Shafi (shafi.temory2016@gmail.com) gesendet.
[2026-05-20 11:55:53] Versende Einladung an: snowrain674@gmail.com
[2026-05-20 11:55:53] E-Mail erfolgreich an Tayyab (snowrain674@gmail.com) gesendet.
[2026-05-20 11:55:53] Versende Einladung an: igor.wampula@live.at
[2026-05-20 11:55:53] E-Mail erfolgreich an Igor (igor.wampula@live.at) gesendet.
[2026-05-20 11:55:53] Versende Einladung an: mauricepetrick@web.de
[2026-05-20 11:55:54] E-Mail erfolgreich an Maurice-Lucien (mauricepetrick@web.de) gesendet.
[2026-05-20 11:55:54] Versende Einladung an: homayonesmaily777@gmail.com
[2026-05-20 11:55:54] E-Mail erfolgreich an Homayon (homayonesmaily777@gmail.com) gesendet.
[2026-05-20 11:55:54] Versende Einladung an: kamalzadafardin@gmail.com
[2026-05-20 11:55:54] E-Mail erfolgreich an Fardin (kamalzadafardin@gmail.com) gesendet.
[2026-05-20 11:55:54] Versende Einladung an: mustafaqadiri86@gmail.com
[2026-05-20 11:55:54] E-Mail erfolgreich an Mustafa (mustafaqadiri86@gmail.com) gesendet.
[2026-05-20 11:55:54] Versende Einladung an: romanniazai8@gmail.com
[2026-05-20 11:55:55] E-Mail erfolgreich an Roman (romanniazai8@gmail.com) gesendet.
[2026-05-20 11:55:55] Versende Einladung an: miloudbensakhria44@gmail.com
[2026-05-20 11:55:55] E-Mail erfolgreich an BENSAKHRIA (miloudbensakhria44@gmail.com) gesendet.
[2026-05-20 11:55:55] Versende Einladung an: ali-n24@hotmail.com
[2026-05-20 11:55:55] E-Mail erfolgreich an Ali (ali-n24@hotmail.com) gesendet.
[2026-05-20 11:55:55] Versende Einladung an: danielazadmanech2020@gmail.com
[2026-05-20 11:55:55] E-Mail erfolgreich an Daniyal (danielazadmanech2020@gmail.com) gesendet.
[2026-05-20 11:55:55] Versende Einladung an: ahmedmhamid@icloud.com
[2026-05-20 11:55:56] E-Mail erfolgreich an Ahmed (ahmedmhamid@icloud.com) gesendet.
[2026-05-20 11:55:56] Versende Einladung an: hilalademhawa@gmail.com
[2026-05-20 11:55:56] E-Mail erfolgreich an Hilal (hilalademhawa@gmail.com) gesendet.
[2026-05-20 11:55:56] Versende Einladung an: a.kisser76@gmail.com
[2026-05-20 11:55:56] E-Mail erfolgreich an alexander (a.kisser76@gmail.com) gesendet.
[2026-05-20 11:55:56] Versende Einladung an: ahmadkhallo215@gmail.com
[2026-05-20 11:55:57] E-Mail erfolgreich an Ahmad (ahmadkhallo215@gmail.com) gesendet.
[2026-05-20 11:55:57] Versende Einladung an: wolf-peter.hoffmann@gmx.de
[2026-05-20 11:55:57] E-Mail erfolgreich an Wolf-Peter (wolf-peter.hoffmann@gmx.de) gesendet.
[2026-05-20 11:55:57] Versende Einladung an: junghanjens88@gmail.com
[2026-05-20 11:55:57] E-Mail erfolgreich an Jens (junghanjens88@gmail.com) gesendet.
[2026-05-20 11:55:57] Versende Einladung an: jakoubaraim@gmail.com
[2026-05-20 11:55:57] E-Mail erfolgreich an Yaqoob Dawood Abdulmalek (jakoubaraim@gmail.com) gesendet.
[2026-05-20 11:55:57] Versende Einladung an: bormannautopflege@web.de
[2026-05-20 11:55:57] E-Mail erfolgreich an Salahattin (bormannautopflege@web.de) gesendet.
[2026-05-20 11:55:57] Versende Einladung an: mohanadkhalifa8@gmail.com
[2026-05-20 11:55:58] E-Mail erfolgreich an Mohanad (mohanadkhalifa8@gmail.com) gesendet.
[2026-05-20 11:55:58] Versende Einladung an: Jafarim450@gmail.com
[2026-05-20 11:55:58] E-Mail erfolgreich an Amiri (Jafarim450@gmail.com) gesendet.
[2026-05-20 11:55:58] Versende Einladung an: maherashkar31@gmail.com
[2026-05-20 11:55:58] E-Mail erfolgreich an Maher (maherashkar31@gmail.com) gesendet.
[2026-05-20 11:55:58] Versende Einladung an: Alkadar1989@gmail.com
[2026-05-20 11:55:58] E-Mail erfolgreich an Kadar (Alkadar1989@gmail.com) gesendet.
[2026-05-20 11:55:58] Versende Einladung an: muhibalhazzaa1@gmail.com
[2026-05-20 11:55:59] E-Mail erfolgreich an ‏Muhib (muhibalhazzaa1@gmail.com) gesendet.
[2026-05-20 11:55:59] Versende Einladung an: sebast.hoffmann@web.de
[2026-05-20 11:55:59] E-Mail erfolgreich an Sebastian (sebast.hoffmann@web.de) gesendet.
[2026-05-20 11:55:59] Versende Einladung an: ibrahemalkftan@gmail.com
[2026-05-20 11:55:59] E-Mail erfolgreich an Ibrahem (ibrahemalkftan@gmail.com) gesendet.
[2026-05-20 11:55:59] Versende Einladung an: ahmadismailmustafa1998@gmail.com
[2026-05-20 11:55:59] E-Mail erfolgreich an Ahmad (ahmadismailmustafa1998@gmail.com) gesendet.
[2026-05-20 11:55:59] Versende Einladung an: vebi96@outlook.de
[2026-05-20 11:56:00] E-Mail erfolgreich an Vebija (vebi96@outlook.de) gesendet.
[2026-05-20 11:56:00] Versende Einladung an: ahmadshahrahimi113@gmail.com
[2026-05-20 11:56:00] E-Mail erfolgreich an Ahmadshah (ahmadshahrahimi113@gmail.com) gesendet.
[2026-05-20 11:56:00] Versende Einladung an: mohamadodehg@gmail.com
[2026-05-20 11:56:00] E-Mail erfolgreich an Mohamad (mohamadodehg@gmail.com) gesendet.
[2026-05-20 11:56:00] Versende Einladung an: yassenhemedi1@gmail.com
[2026-05-20 11:56:00] E-Mail erfolgreich an Yasin (yassenhemedi1@gmail.com) gesendet.
[2026-05-20 11:56:00] Versende Einladung an: Batalmustafa92@gmail.com
[2026-05-20 11:56:01] E-Mail erfolgreich an Mustafa (Batalmustafa92@gmail.com) gesendet.
[2026-05-20 11:56:01] Versende Einladung an: mohamad.almohamad377@gmail.com
[2026-05-20 11:56:01] E-Mail erfolgreich an Mohamad (mohamad.almohamad377@gmail.com) gesendet.
[2026-05-20 11:56:01] Versende Einladung an: nadernaimi1990@gmail.com
[2026-05-20 11:56:01] E-Mail erfolgreich an Said Mohammad Nader (nadernaimi1990@gmail.com) gesendet.
[2026-05-20 11:56:01] Versende Einladung an: kassemalmohammad313@gmail.com
[2026-05-20 11:56:01] E-Mail erfolgreich an Kassem (kassemalmohammad313@gmail.com) gesendet.
[2026-05-20 11:56:01] Versende Einladung an: kekhyathaer@gmail.com
[2026-05-20 11:56:02] E-Mail erfolgreich an Thaer (kekhyathaer@gmail.com) gesendet.
[2026-05-20 11:56:02] Versende Einladung an: mansour1980@gmail.com
[2026-05-20 11:56:02] E-Mail erfolgreich an Mansour (mansour1980@gmail.com) gesendet.
[2026-05-20 11:56:02] Versende Einladung an: mahersoltani35@gmail.com
[2026-05-20 11:56:02] E-Mail erfolgreich an Maher (mahersoltani35@gmail.com) gesendet.
[2026-05-20 11:56:02] Versende Einladung an: ihingora@gmail.com
[2026-05-20 11:56:02] E-Mail erfolgreich an Imran (ihingora@gmail.com) gesendet.
[2026-05-20 11:56:02] Versende Einladung an: hiwa@live.de
[2026-05-20 11:56:03] E-Mail erfolgreich an Hiwa (hiwa@live.de) gesendet.
[2026-05-20 11:57:05] Terminbestätigung an Igor (igor.wampula@live.at) gesendet.
[2026-05-20 11:58:28] Terminbestätigung an Shafi (shafi.temory2016@gmail.com) gesendet.
[2026-05-20 11:59:10] Terminbestätigung an Roman (romanniazai8@gmail.com) gesendet.
[2026-05-20 11:59:10] Terminbestätigung an Mohammad Azim (azim77ghairat@gmail.com) gesendet.
[2026-05-20 12:00:42] Terminbestätigung an Yaqoob Dawood Abdulmalek (jakoubaraim@gmail.com) gesendet.
[2026-05-20 12:01:12] Terminbestätigung an ‏Muhib (muhibalhazzaa1@gmail.com) gesendet.
[2026-05-20 12:01:19] Terminbestätigung an Amiri (Jafarim450@gmail.com) gesendet.
[2026-05-20 12:01:20] Terminbestätigung an Amiri (Jafarim450@gmail.com) gesendet.
[2026-05-20 12:01:41] Terminbestätigung an ‏Muhib (muhibalhazzaa1@gmail.com) gesendet.
[2026-05-20 12:02:00] Terminbestätigung an ‪Osama (osama.leipzig@gmail.com) gesendet.
[2026-05-20 12:02:13] Terminbestätigung an ‪Osama (osama.leipzig@gmail.com) gesendet.
[2026-05-20 12:05:42] Terminbestätigung an Alageeli (wessamjames04@gmail.com) gesendet.
[2026-05-20 12:11:32] Terminbestätigung an Ahmad (ahmadkhallo215@gmail.com) gesendet.
[2026-05-20 12:12:05] Terminbestätigung an Homayon (homayonesmaily777@gmail.com) gesendet.
[2026-05-20 12:17:07] Terminbestätigung an Mohamad (mohamadodehg@gmail.com) gesendet.
[2026-05-20 12:24:08] Terminbestätigung an Maher (mahersoltani35@gmail.com) gesendet.
[2026-05-20 12:24:36] Terminbestätigung an Mohamad (mohamad.almohamad377@gmail.com) gesendet.
[2026-05-20 12:25:20] Terminbestätigung an Mohanad (mohanadkhalifa8@gmail.com) gesendet.
[2026-05-20 12:26:27] Terminbestätigung an Tayyab (snowrain674@gmail.com) gesendet.
[2026-05-20 13:39:06] Terminbestätigung an Mohammad Azim (azim77ghairat@gmail.com) gesendet.
[2026-05-20 14:05:53] Terminbestätigung an ‏Muhib (muhibalhazzaa1@gmail.com) gesendet.
[2026-05-20 14:08:04] Terminbestätigung an Mohamad (mohamadodehg@gmail.com) gesendet.
[2026-05-20 19:23:51] Terminbestätigung an Roman (romanniazai8@gmail.com) gesendet.
[2026-05-21 20:49:14] Terminbestätigung an Amiri (Jafarim450@gmail.com) gesendet.
[2026-06-01 07:50:47] Versende Einladung an: mansourzahiri70@gmail.com
[2026-06-01 07:50:47] E-Mail erfolgreich an Mansour (mansourzahiri70@gmail.com) gesendet.
[2026-06-01 07:50:47] Versende Einladung an: khoshhalsadat945@gmail.com
[2026-06-01 07:50:47] E-Mail erfolgreich an Hashmatullah (khoshhalsadat945@gmail.com) gesendet.
[2026-06-01 07:50:47] Versende Einladung an: parmjit_dosanjh1965@yahoo.de
[2026-06-01 07:50:47] E-Mail erfolgreich an Parmjit Singh (parmjit_dosanjh1965@yahoo.de) gesendet.
[2026-06-01 07:50:47] Versende Einladung an: tabatabayia44@gmail.com
[2026-06-01 07:50:48] E-Mail erfolgreich an Ali (tabatabayia44@gmail.com) gesendet.
[2026-06-01 07:50:48] Versende Einladung an: wahedhas@yahoo.de
[2026-06-01 07:50:48] E-Mail erfolgreich an Abdulwahed (wahedhas@yahoo.de) gesendet.
[2026-06-01 07:50:48] Versende Einladung an: chandpk2015@gmail.com
[2026-06-01 07:50:48] E-Mail erfolgreich an Faisal (chandpk2015@gmail.com) gesendet.
[2026-06-01 07:50:48] Versende Einladung an: peemad21@gmail.com
[2026-06-01 07:50:49] E-Mail erfolgreich an Mehman (peemad21@gmail.com) gesendet.
[2026-06-01 07:50:49] Versende Einladung an: semoschumacher89.88@gmail.com
[2026-06-01 07:50:49] E-Mail erfolgreich an Sami (semoschumacher89.88@gmail.com) gesendet.
[2026-06-01 07:50:49] Versende Einladung an: ahmadalkfftan89@gmail.com
[2026-06-01 07:50:49] E-Mail erfolgreich an Ahmad (ahmadalkfftan89@gmail.com) gesendet.
[2026-06-01 07:50:49] Versende Einladung an: kontakt@taxi-vision.de
[2026-06-01 07:50:49] E-Mail erfolgreich an Meriwan (kontakt@taxi-vision.de) gesendet.
[2026-06-01 07:50:49] Versende Einladung an: Firas123.123456789@gmail.com
[2026-06-01 07:50:49] E-Mail erfolgreich an Firas (Firas123.123456789@gmail.com) gesendet.
[2026-06-01 07:50:49] Versende Einladung an: mauricepetrick@web.de
[2026-06-01 07:50:50] E-Mail erfolgreich an Maurice-Lucien (mauricepetrick@web.de) gesendet.
[2026-06-01 07:50:50] Versende Einladung an: kamalzadafardin@gmail.com
[2026-06-01 07:50:50] E-Mail erfolgreich an Fardin (kamalzadafardin@gmail.com) gesendet.
[2026-06-01 07:50:50] Versende Einladung an: mustafaqadiri86@gmail.com
[2026-06-01 07:50:50] E-Mail erfolgreich an Mustafa (mustafaqadiri86@gmail.com) gesendet.
[2026-06-01 07:50:50] Versende Einladung an: miloudbensakhria44@gmail.com
[2026-06-01 07:50:50] E-Mail erfolgreich an BENSAKHRIA (miloudbensakhria44@gmail.com) gesendet.
[2026-06-01 07:50:50] Versende Einladung an: ali-n24@hotmail.com
[2026-06-01 07:50:51] E-Mail erfolgreich an Ali (ali-n24@hotmail.com) gesendet.
[2026-06-01 07:50:51] Versende Einladung an: danielazadmanech2020@gmail.com
[2026-06-01 07:50:51] E-Mail erfolgreich an Daniyal (danielazadmanech2020@gmail.com) gesendet.
[2026-06-01 07:50:51] Versende Einladung an: ahmedmhamid@icloud.com
[2026-06-01 07:50:51] E-Mail erfolgreich an Ahmed (ahmedmhamid@icloud.com) gesendet.
[2026-06-01 07:50:51] Versende Einladung an: hilalademhawa@gmail.com
[2026-06-01 07:50:51] E-Mail erfolgreich an Hilal (hilalademhawa@gmail.com) gesendet.
[2026-06-01 07:50:51] Versende Einladung an: a.kisser76@gmail.com
[2026-06-01 07:50:52] E-Mail erfolgreich an alexander (a.kisser76@gmail.com) gesendet.
[2026-06-01 07:50:52] Versende Einladung an: wolf-peter.hoffmann@gmx.de
[2026-06-01 07:50:52] E-Mail erfolgreich an Wolf-Peter (wolf-peter.hoffmann@gmx.de) gesendet.
[2026-06-01 07:50:52] Versende Einladung an: junghanjens88@gmail.com
[2026-06-01 07:50:52] E-Mail erfolgreich an Jens (junghanjens88@gmail.com) gesendet.
[2026-06-01 07:50:52] Versende Einladung an: bormannautopflege@web.de
[2026-06-01 07:50:52] E-Mail erfolgreich an Salahattin (bormannautopflege@web.de) gesendet.
[2026-06-01 07:50:52] Versende Einladung an: maherashkar31@gmail.com
[2026-06-01 07:50:53] E-Mail erfolgreich an Maher (maherashkar31@gmail.com) gesendet.
[2026-06-01 07:50:53] Versende Einladung an: Alkadar1989@gmail.com
[2026-06-01 07:50:53] E-Mail erfolgreich an Kadar (Alkadar1989@gmail.com) gesendet.
[2026-06-01 07:50:53] Versende Einladung an: sebast.hoffmann@web.de
[2026-06-01 07:50:53] E-Mail erfolgreich an Sebastian (sebast.hoffmann@web.de) gesendet.
[2026-06-01 07:50:53] Versende Einladung an: ibrahemalkftan@gmail.com
[2026-06-01 07:50:53] E-Mail erfolgreich an Ibrahem (ibrahemalkftan@gmail.com) gesendet.
[2026-06-01 07:50:53] Versende Einladung an: ahmadismailmustafa1998@gmail.com
[2026-06-01 07:50:53] E-Mail erfolgreich an Ahmad (ahmadismailmustafa1998@gmail.com) gesendet.
[2026-06-01 07:50:53] Versende Einladung an: vebi96@outlook.de
[2026-06-01 07:50:54] E-Mail erfolgreich an Vebija (vebi96@outlook.de) gesendet.
[2026-06-01 07:50:54] Versende Einladung an: ahmadshahrahimi113@gmail.com
[2026-06-01 07:50:54] E-Mail erfolgreich an Ahmadshah (ahmadshahrahimi113@gmail.com) gesendet.
[2026-06-01 07:50:54] Versende Einladung an: yassenhemedi1@gmail.com
[2026-06-01 07:50:54] E-Mail erfolgreich an Yasin (yassenhemedi1@gmail.com) gesendet.
[2026-06-01 07:50:54] Versende Einladung an: Batalmustafa92@gmail.com
[2026-06-01 07:50:54] E-Mail erfolgreich an Mustafa (Batalmustafa92@gmail.com) gesendet.
[2026-06-01 07:50:54] Versende Einladung an: nadernaimi1990@gmail.com
[2026-06-01 07:50:55] E-Mail erfolgreich an Said Mohammad Nader (nadernaimi1990@gmail.com) gesendet.
[2026-06-01 07:50:55] Versende Einladung an: kassemalmohammad313@gmail.com
[2026-06-01 07:50:55] E-Mail erfolgreich an Kassem (kassemalmohammad313@gmail.com) gesendet.
[2026-06-01 07:50:55] Versende Einladung an: kekhyathaer@gmail.com
[2026-06-01 07:50:55] E-Mail erfolgreich an Thaer (kekhyathaer@gmail.com) gesendet.
[2026-06-01 07:50:55] Versende Einladung an: mansour1980@gmail.com
[2026-06-01 07:50:55] E-Mail erfolgreich an Mansour (mansour1980@gmail.com) gesendet.
[2026-06-01 07:50:55] Versende Einladung an: ihingora@gmail.com
[2026-06-01 07:50:56] E-Mail erfolgreich an Imran (ihingora@gmail.com) gesendet.
[2026-06-01 07:50:56] Versende Einladung an: a.karanib@web.de
[2026-06-01 07:50:56] E-Mail erfolgreich an Ahmad (a.karanib@web.de) gesendet.
[2026-06-01 07:50:56] Versende Einladung an: hiwa@live.de
[2026-06-01 07:50:56] E-Mail erfolgreich an Hiwa (hiwa@live.de) gesendet.
[2026-06-01 07:50:56] Versende Einladung an: susanwagner157@yahoo.de
[2026-06-01 07:50:56] E-Mail erfolgreich an Boujemaa (susanwagner157@yahoo.de) gesendet.
[2026-06-01 08:01:51] Terminbestätigung an Mustafa (mustafaqadiri86@gmail.com) gesendet.
[2026-06-01 08:04:16] Terminbestätigung an Mansour (mansour1980@gmail.com) gesendet.
[2026-06-01 08:09:01] Terminbestätigung an Vebija (vebi96@outlook.de) gesendet.
[2026-06-01 08:17:02] Terminbestätigung an Kadar (Alkadar1989@gmail.com) gesendet.
[2026-06-01 08:19:25] Terminbestätigung an BENSAKHRIA (miloudbensakhria44@gmail.com) gesendet.
[2026-06-01 08:20:52] Terminbestätigung an BENSAKHRIA (miloudbensakhria44@gmail.com) gesendet.
[2026-06-01 08:21:01] Terminbestätigung an BENSAKHRIA (miloudbensakhria44@gmail.com) gesendet.
[2026-06-01 08:33:20] Terminbestätigung an Kadar (Alkadar1989@gmail.com) gesendet.
[2026-06-01 08:49:25] Terminbestätigung an Maurice-Lucien (mauricepetrick@web.de) gesendet.
[2026-06-01 09:36:38] Terminbestätigung an Kassem (kassemalmohammad313@gmail.com) gesendet.
[2026-06-01 09:46:59] Terminbestätigung an Ali (ali-n24@hotmail.com) gesendet.
[2026-06-01 10:06:02] Terminbestätigung an Ahmad (a.karanib@web.de) gesendet.
[2026-06-01 10:08:48] Terminbestätigung an Ahmad (a.karanib@web.de) gesendet.
[2026-06-01 10:10:46] Terminbestätigung an Boujemaa (susanwagner157@yahoo.de) gesendet.
[2026-06-01 10:58:20] Terminbestätigung an Sami (semoschumacher89.88@gmail.com) gesendet.
[2026-06-01 11:39:50] Terminbestätigung an Kassem (kassemalmohammad313@gmail.com) gesendet.
[2026-06-01 11:42:22] Terminbestätigung an Ahmed (ahmedmhamid@icloud.com) gesendet.
[2026-06-01 11:49:43] Terminbestätigung an Hashmatullah (khoshhalsadat945@gmail.com) gesendet.
[2026-06-01 11:50:06] Terminbestätigung an Meriwan (kontakt@taxi-vision.de) gesendet.
[2026-06-01 16:00:00] Terminbestätigung an Ibrahem (ibrahemalkftan@gmail.com) gesendet.
[2026-06-01 17:08:56] Terminbestätigung an Vebija (vebi96@outlook.de) gesendet.
[2026-06-01 21:46:30] Terminbestätigung an Maurice-Lucien (mauricepetrick@web.de) gesendet.
[2026-06-02 06:45:06] Terminbestätigung an Vebija (vebi96@outlook.de) gesendet.
[2026-06-02 07:42:02] Terminbestätigung an Said Mohammad Nader (nadernaimi1990@gmail.com) gesendet.
[2026-06-02 07:42:29] Terminbestätigung an Said Mohammad Nader (nadernaimi1990@gmail.com) gesendet.
[2026-06-03 10:58:16] Terminbestätigung an Ahmadshah (ahmadshahrahimi113@gmail.com) gesendet.
[2026-06-09 11:39:51] Versende Einladung an: mansourzahiri70@gmail.com
[2026-06-09 11:39:51] E-Mail erfolgreich an Mansour (mansourzahiri70@gmail.com) gesendet.
[2026-06-09 11:39:51] Versende Einladung an: khoshhalsadat945@gmail.com
[2026-06-09 11:39:52] E-Mail erfolgreich an Hashmatullah (khoshhalsadat945@gmail.com) gesendet.
[2026-06-09 11:39:52] Versende Einladung an: parmjit_dosanjh1965@yahoo.de
[2026-06-09 11:39:52] E-Mail erfolgreich an Parmjit Singh (parmjit_dosanjh1965@yahoo.de) gesendet.
[2026-06-09 11:39:52] Versende Einladung an: tabatabayia44@gmail.com
[2026-06-09 11:39:52] E-Mail erfolgreich an Ali (tabatabayia44@gmail.com) gesendet.
[2026-06-09 11:39:52] Versende Einladung an: wahedhas@yahoo.de
[2026-06-09 11:39:52] E-Mail erfolgreich an Abdulwahed (wahedhas@yahoo.de) gesendet.
[2026-06-09 11:39:52] Versende Einladung an: chandpk2015@gmail.com
[2026-06-09 11:39:53] E-Mail erfolgreich an Faisal (chandpk2015@gmail.com) gesendet.
[2026-06-09 11:39:53] Versende Einladung an: peemad21@gmail.com
[2026-06-09 11:39:53] E-Mail erfolgreich an Mehman (peemad21@gmail.com) gesendet.
[2026-06-09 11:39:53] Versende Einladung an: semoschumacher89.88@gmail.com
[2026-06-09 11:39:53] E-Mail erfolgreich an Sami (semoschumacher89.88@gmail.com) gesendet.
[2026-06-09 11:39:53] Versende Einladung an: ahmadalkfftan89@gmail.com
[2026-06-09 11:39:54] E-Mail erfolgreich an Ahmad (ahmadalkfftan89@gmail.com) gesendet.
[2026-06-09 11:39:54] Versende Einladung an: kontakt@taxi-vision.de
[2026-06-09 11:39:54] E-Mail erfolgreich an Meriwan (kontakt@taxi-vision.de) gesendet.
[2026-06-09 11:39:54] Versende Einladung an: Firas123.123456789@gmail.com
[2026-06-09 11:39:54] E-Mail erfolgreich an Firas (Firas123.123456789@gmail.com) gesendet.
[2026-06-09 11:39:54] Versende Einladung an: mauricepetrick@web.de
[2026-06-09 11:39:54] E-Mail erfolgreich an Maurice-Lucien (mauricepetrick@web.de) gesendet.
[2026-06-09 11:39:54] Versende Einladung an: kamalzadafardin@gmail.com
[2026-06-09 11:39:55] E-Mail erfolgreich an Fardin (kamalzadafardin@gmail.com) gesendet.
[2026-06-09 11:39:55] Versende Einladung an: mustafaqadiri86@gmail.com
[2026-06-09 11:39:55] E-Mail erfolgreich an Mustafa (mustafaqadiri86@gmail.com) gesendet.
[2026-06-09 11:39:55] Versende Einladung an: miloudbensakhria44@gmail.com
[2026-06-09 11:39:55] E-Mail erfolgreich an BENSAKHRIA (miloudbensakhria44@gmail.com) gesendet.
[2026-06-09 11:39:55] Versende Einladung an: ali-n24@hotmail.com
[2026-06-09 11:39:55] E-Mail erfolgreich an Ali (ali-n24@hotmail.com) gesendet.
[2026-06-09 11:39:55] Versende Einladung an: danielazadmanech2020@gmail.com
[2026-06-09 11:39:56] E-Mail erfolgreich an Daniyal (danielazadmanech2020@gmail.com) gesendet.
[2026-06-09 11:39:56] Versende Einladung an: ahmedmhamid@icloud.com
[2026-06-09 11:39:56] E-Mail erfolgreich an Ahmed (ahmedmhamid@icloud.com) gesendet.
[2026-06-09 11:39:56] Versende Einladung an: hilalademhawa@gmail.com
[2026-06-09 11:39:56] E-Mail erfolgreich an Hilal (hilalademhawa@gmail.com) gesendet.
[2026-06-09 11:39:56] Versende Einladung an: a.kisser76@gmail.com
[2026-06-09 11:39:56] E-Mail erfolgreich an alexander (a.kisser76@gmail.com) gesendet.
[2026-06-09 11:39:56] Versende Einladung an: wolf-peter.hoffmann@gmx.de
[2026-06-09 11:39:57] E-Mail erfolgreich an Wolf-Peter (wolf-peter.hoffmann@gmx.de) gesendet.
[2026-06-09 11:39:57] Versende Einladung an: junghanjens88@gmail.com
[2026-06-09 11:39:57] E-Mail erfolgreich an Jens (junghanjens88@gmail.com) gesendet.
[2026-06-09 11:39:57] Versende Einladung an: bormannautopflege@web.de
[2026-06-09 11:39:57] E-Mail erfolgreich an Salahattin (bormannautopflege@web.de) gesendet.
[2026-06-09 11:39:57] Versende Einladung an: maherashkar31@gmail.com
[2026-06-09 11:39:57] E-Mail erfolgreich an Maher (maherashkar31@gmail.com) gesendet.
[2026-06-09 11:39:57] Versende Einladung an: Alkadar1989@gmail.com
[2026-06-09 11:39:58] E-Mail erfolgreich an Kadar (Alkadar1989@gmail.com) gesendet.
[2026-06-09 11:39:58] Versende Einladung an: sebast.hoffmann@web.de
[2026-06-09 11:39:58] E-Mail erfolgreich an Sebastian (sebast.hoffmann@web.de) gesendet.
[2026-06-09 11:39:58] Versende Einladung an: ibrahemalkftan@gmail.com
[2026-06-09 11:39:58] E-Mail erfolgreich an Ibrahem (ibrahemalkftan@gmail.com) gesendet.
[2026-06-09 11:39:58] Versende Einladung an: ahmadismailmustafa1998@gmail.com
[2026-06-09 11:39:58] E-Mail erfolgreich an Ahmad (ahmadismailmustafa1998@gmail.com) gesendet.
[2026-06-09 11:39:58] Versende Einladung an: vebi96@outlook.de
[2026-06-09 11:39:59] E-Mail erfolgreich an Vebija (vebi96@outlook.de) gesendet.
[2026-06-09 11:39:59] Versende Einladung an: ahmadshahrahimi113@gmail.com
[2026-06-09 11:39:59] E-Mail erfolgreich an Ahmadshah (ahmadshahrahimi113@gmail.com) gesendet.
[2026-06-09 11:39:59] Versende Einladung an: yassenhemedi1@gmail.com
[2026-06-09 11:39:59] E-Mail erfolgreich an Yasin (yassenhemedi1@gmail.com) gesendet.
[2026-06-09 11:39:59] Versende Einladung an: Batalmustafa92@gmail.com
[2026-06-09 11:39:59] E-Mail erfolgreich an Mustafa (Batalmustafa92@gmail.com) gesendet.
[2026-06-09 11:39:59] Versende Einladung an: nadernaimi1990@gmail.com
[2026-06-09 11:40:00] E-Mail erfolgreich an Said Mohammad Nader (nadernaimi1990@gmail.com) gesendet.
[2026-06-09 11:40:00] Versende Einladung an: kassemalmohammad313@gmail.com
[2026-06-09 11:40:00] E-Mail erfolgreich an Kassem (kassemalmohammad313@gmail.com) gesendet.
[2026-06-09 11:40:00] Versende Einladung an: kekhyathaer@gmail.com
[2026-06-09 11:40:00] E-Mail erfolgreich an Thaer (kekhyathaer@gmail.com) gesendet.
[2026-06-09 11:40:00] Versende Einladung an: mansour1980@gmail.com
[2026-06-09 11:40:00] E-Mail erfolgreich an Mansour (mansour1980@gmail.com) gesendet.
[2026-06-09 11:40:00] Versende Einladung an: ihingora@gmail.com
[2026-06-09 11:40:01] E-Mail erfolgreich an Imran (ihingora@gmail.com) gesendet.
[2026-06-09 11:40:01] Versende Einladung an: a.karanib@web.de
[2026-06-09 11:40:01] E-Mail erfolgreich an Ahmad (a.karanib@web.de) gesendet.
[2026-06-09 11:40:01] Versende Einladung an: hiwa@live.de
[2026-06-09 11:40:01] E-Mail erfolgreich an Hiwa (hiwa@live.de) gesendet.
[2026-06-09 11:40:01] Versende Einladung an: susanwagner157@yahoo.de
[2026-06-09 11:40:02] E-Mail erfolgreich an Boujemaa (susanwagner157@yahoo.de) gesendet.
[2026-06-09 22:35:59] Terminbestätigung an Salahattin (bormannautopflege@web.de) gesendet.
[2026-06-10 09:46:37] Terminbestätigung an Ali (ali-n24@hotmail.com) gesendet.
[2026-06-11 00:05:26] Terminbestätigung an Daniyal (danielazadmanech2020@gmail.com) gesendet.
[2026-06-11 07:35:50] Terminbestätigung an Faisal (chandpk2015@gmail.com) gesendet.
